source name	characteristics[Row]	characteristics[Column]	characteristics[Sample]	characteristics[Source Vial]	characteristics[Position]	characteristics[Inj Vol]	characteristics[Instrument Method]	characteristics[Path]	characteristics[File Name]	characteristics[organism]	characteristics[organism part]	characteristics[plate]	characteristics[project]	characteristics[age]	characteristics[developmental stage]	characteristics[sex]	characteristics[ancestry category]	characteristics[cell type]	characteristics[cell line]	characteristics[subject_ID]	characteristics[pls_source]	characteristics[LIMS_ID]	characteristics[replica]	characteristics[disease]	characteristics[individual]	characteristics[biological replicate]	Material type	assay name	technology type	comment[data file]	comment[file uri]	comment[proteomics data acquisition method]	comment[label]	comment[fraction identifier]	comment[fractionation method]	comment[technical replicate]	comment[cleavage agent details]	comment[ms2 mass analyzer]	comment[instrument]	comment[modification parameters]	comment[dissociation method]	comment[collision energy]	comment[precursor mass tolerance]	comment[fragment mass tolerance]	comment[MS1 scan range]	comment[MS2 scan range]	factor value[Row]
DIA_20260306_ BiAK_2026_BiAK_1_A1	A	1	BiAK_1	1	RA1	2	C:\Xcalibur\methods\Khue\DIA_350to1000_10mz_40min_1to32_700nLmin_60C_2kV_2uL	D:\data\Chus	DIA_20260306_ BiAK_2026_BiAK_1_A1	Homo sapiens	blood plasma	BiAK_1	 BiAK_2026	not available	not available	not available	not available	not available	not available	B99c	LF	BIAK_1-0001	Plate_1_A1	not available	not available	1	AC=EFO:0009656;NT=plasma	run 1	proteomic profiling by mass spectrometry	DIA_20260306_ BiAK_2026_BiAK_1_A1.RAW	DIA_20260306_ BiAK_2026_BiAK_1_A1.RAW	NT=Data-Independent Acquisition;AC=NCIT:C161786	AC=MS:1002038;NT=label free sample	1	NT=High-performance liquid chromatography;AC=PRIDE:0000565	1	AC=MS:1001251;NT=Trypsin	not available	NT=Q Exactive HF;AC=MS:1002523	NT=Carbamidomethyl;AC=UNIMOD:4;TA=C;MT=Fixed	NT=Higher-energy Collisional Dissociation;AC=MS:1000422	27 NCE	40 ppm	0.05 Da	400-1250 m/z	100-2000 m/z	A
DIA_20260306_ BiAK_2026_BiAK_1_A2	A	2	BiAK_1	2	RA2	2	C:\Xcalibur\methods\Khue\DIA_350to1000_10mz_40min_1to32_700nLmin_60C_2kV_2uL	D:\data\Chus	DIA_20260306_ BiAK_2026_BiAK_1_A2	Homo sapiens	blood plasma	BiAK_1	 BiAK_2026	not available	not available	not available	not available	not available	not available	B96d	LE	BIAK_1-0009	Plate_1_A2	not available	not available	1	AC=EFO:0009656;NT=plasma	run 2	proteomic profiling by mass spectrometry	DIA_20260306_ BiAK_2026_BiAK_1_A2.RAW	DIA_20260306_ BiAK_2026_BiAK_1_A2.RAW	NT=Data-Independent Acquisition;AC=NCIT:C161787	AC=MS:1002038;NT=label free sample	1	NT=High-performance liquid chromatography;AC=PRIDE:0000565	1	AC=MS:1001251;NT=Trypsin	not available	NT=Q Exactive HF;AC=MS:1002523	NT=Carbamidomethyl;AC=UNIMOD:4;TA=C;MT=Fixed	NT=Higher-energy Collisional Dissociation;AC=MS:1000422	27 NCE	40 ppm	0.05 Da	400-1250 m/z	100-2000 m/z	A
DIA_20260306_ BiAK_2026_BiAK_1_A3	A	3	BiAK_1	3	RA3	2	C:\Xcalibur\methods\Khue\DIA_350to1000_10mz_40min_1to32_700nLmin_60C_2kV_2uL	D:\data\Chus	DIA_20260306_ BiAK_2026_BiAK_1_A3	Homo sapiens	blood plasma	BiAK_1	 BiAK_2026	not available	not available	not available	not available	not available	not available	B107c	LF	BIAK_1-0016	Plate_1_A3	not available	not available	1	AC=EFO:0009656;NT=plasma	run 3	proteomic profiling by mass spectrometry	DIA_20260306_ BiAK_2026_BiAK_1_A3.RAW	DIA_20260306_ BiAK_2026_BiAK_1_A3.RAW	NT=Data-Independent Acquisition;AC=NCIT:C161788	AC=MS:1002038;NT=label free sample	1	NT=High-performance liquid chromatography;AC=PRIDE:0000565	1	AC=MS:1001251;NT=Trypsin	not available	NT=Q Exactive HF;AC=MS:1002523	NT=Carbamidomethyl;AC=UNIMOD:4;TA=C;MT=Fixed	NT=Higher-energy Collisional Dissociation;AC=MS:1000422	27 NCE	40 ppm	0.05 Da	400-1250 m/z	100-2000 m/z	A
DIA_20260306_ BiAK_2026_BiAK_1_A4	A	4	BiAK_1	4	RA4	2	C:\Xcalibur\methods\Khue\DIA_350to1000_10mz_40min_1to32_700nLmin_60C_2kV_2uL	D:\data\Chus	DIA_20260306_ BiAK_2026_BiAK_1_A4	Homo sapiens	blood plasma	BiAK_1	 BiAK_2026	not available	not available	not available	not available	not available	not available	K149	Control	BIAK_1-0024	Plate_1_A4	not available	not available	1	AC=EFO:0009656;NT=plasma	run 4	proteomic profiling by mass spectrometry	DIA_20260306_ BiAK_2026_BiAK_1_A4.RAW	DIA_20260306_ BiAK_2026_BiAK_1_A4.RAW	NT=Data-Independent Acquisition;AC=NCIT:C161789	AC=MS:1002038;NT=label free sample	1	NT=High-performance liquid chromatography;AC=PRIDE:0000565	1	AC=MS:1001251;NT=Trypsin	not available	NT=Q Exactive HF;AC=MS:1002523	NT=Carbamidomethyl;AC=UNIMOD:4;TA=C;MT=Fixed	NT=Higher-energy Collisional Dissociation;AC=MS:1000422	27 NCE	40 ppm	0.05 Da	400-1250 m/z	100-2000 m/z	A
DIA_20260306_ BiAK_2026_BiAK_1_A5	A	5	Pool	5	RA5	2	C:\Xcalibur\methods\Khue\DIA_350to1000_10mz_40min_1to32_700nLmin_60C_2kV_2uL	D:\data\Chus	DIA_20260306_ BiAK_2026_BiAK_1_A5	Homo sapiens	blood plasma	BiAK_1	 BiAK_2026	not available	not available	not available	not available	not available	not available	POOL	POOL	QC_PLS-0002	Plate_1_A5	not available	not available	1	AC=EFO:0009656;NT=plasma	run 5	proteomic profiling by mass spectrometry	DIA_20260306_ BiAK_2026_BiAK_1_A5.RAW	DIA_20260306_ BiAK_2026_BiAK_1_A5.RAW	NT=Data-Independent Acquisition;AC=NCIT:C161790	AC=MS:1002038;NT=label free sample	1	NT=High-performance liquid chromatography;AC=PRIDE:0000565	1	AC=MS:1001251;NT=Trypsin	not available	NT=Q Exactive HF;AC=MS:1002523	NT=Carbamidomethyl;AC=UNIMOD:4;TA=C;MT=Fixed	NT=Higher-energy Collisional Dissociation;AC=MS:1000422	27 NCE	40 ppm	0.05 Da	400-1250 m/z	100-2000 m/z	A
DIA_20260306_ BiAK_2026_BiAK_1_A6	A	6	BiAK_1	6	RA6	2	C:\Xcalibur\methods\Khue\DIA_350to1000_10mz_40min_1to32_700nLmin_60C_2kV_2uL	D:\data\Chus	DIA_20260306_ BiAK_2026_BiAK_1_A6	Homo sapiens	blood plasma	BiAK_1	 BiAK_2026	not available	not available	not available	not available	not available	not available	B10a	PF	BIAK_1-0039	Plate_1_A6	not available	not available	1	AC=EFO:0009656;NT=plasma	run 6	proteomic profiling by mass spectrometry	DIA_20260306_ BiAK_2026_BiAK_1_A6.RAW	DIA_20260306_ BiAK_2026_BiAK_1_A6.RAW	NT=Data-Independent Acquisition;AC=NCIT:C161791	AC=MS:1002038;NT=label free sample	1	NT=High-performance liquid chromatography;AC=PRIDE:0000565	1	AC=MS:1001251;NT=Trypsin	not available	NT=Q Exactive HF;AC=MS:1002523	NT=Carbamidomethyl;AC=UNIMOD:4;TA=C;MT=Fixed	NT=Higher-energy Collisional Dissociation;AC=MS:1000422	27 NCE	40 ppm	0.05 Da	400-1250 m/z	100-2000 m/z	A
DIA_20260306_ BiAK_2026_BiAK_1_A7	A	7	BiAK_1	7	RA7	2	C:\Xcalibur\methods\Khue\DIA_350to1000_10mz_40min_1to32_700nLmin_60C_2kV_2uL	D:\data\Chus	DIA_20260306_ BiAK_2026_BiAK_1_A7	Homo sapiens	blood plasma	BiAK_1	 BiAK_2026	not available	not available	not available	not available	not available	not available	B87b	PE	BIAK_1-0046	Plate_1_A7	not available	not available	1	AC=EFO:0009656;NT=plasma	run 7	proteomic profiling by mass spectrometry	DIA_20260306_ BiAK_2026_BiAK_1_A7.RAW	DIA_20260306_ BiAK_2026_BiAK_1_A7.RAW	NT=Data-Independent Acquisition;AC=NCIT:C161792	AC=MS:1002038;NT=label free sample	1	NT=High-performance liquid chromatography;AC=PRIDE:0000565	1	AC=MS:1001251;NT=Trypsin	not available	NT=Q Exactive HF;AC=MS:1002523	NT=Carbamidomethyl;AC=UNIMOD:4;TA=C;MT=Fixed	NT=Higher-energy Collisional Dissociation;AC=MS:1000422	27 NCE	40 ppm	0.05 Da	400-1250 m/z	100-2000 m/z	A
DIA_20260306_ BiAK_2026_BiAK_1_A8	A	8	BiAK_1	8	RA8	2	C:\Xcalibur\methods\Khue\DIA_350to1000_10mz_40min_1to32_700nLmin_60C_2kV_2uL	D:\data\Chus	DIA_20260306_ BiAK_2026_BiAK_1_A8	Homo sapiens	blood plasma	BiAK_1	 BiAK_2026	not available	not available	not available	not available	not available	not available	B1b	PE	BIAK_1-0054	Plate_1_A8	not available	not available	1	AC=EFO:0009656;NT=plasma	run 8	proteomic profiling by mass spectrometry	DIA_20260306_ BiAK_2026_BiAK_1_A8.RAW	DIA_20260306_ BiAK_2026_BiAK_1_A8.RAW	NT=Data-Independent Acquisition;AC=NCIT:C161793	AC=MS:1002038;NT=label free sample	1	NT=High-performance liquid chromatography;AC=PRIDE:0000565	1	AC=MS:1001251;NT=Trypsin	not available	NT=Q Exactive HF;AC=MS:1002523	NT=Carbamidomethyl;AC=UNIMOD:4;TA=C;MT=Fixed	NT=Higher-energy Collisional Dissociation;AC=MS:1000422	27 NCE	40 ppm	0.05 Da	400-1250 m/z	100-2000 m/z	A
DIA_20260306_ BiAK_2026_BiAK_1_A9	A	9	BiAK_1	9	RA9	2	C:\Xcalibur\methods\Khue\DIA_350to1000_10mz_40min_1to32_700nLmin_60C_2kV_2uL	D:\data\Chus	DIA_20260306_ BiAK_2026_BiAK_1_A9	Homo sapiens	blood plasma	BiAK_1	 BiAK_2026	not available	not available	not available	not available	not available	not available	B1a	PF	BIAK_1-0061	Plate_1_A9	not available	not available	1	AC=EFO:0009656;NT=plasma	run 9	proteomic profiling by mass spectrometry	DIA_20260306_ BiAK_2026_BiAK_1_A9.RAW	DIA_20260306_ BiAK_2026_BiAK_1_A9.RAW	NT=Data-Independent Acquisition;AC=NCIT:C161794	AC=MS:1002038;NT=label free sample	1	NT=High-performance liquid chromatography;AC=PRIDE:0000565	1	AC=MS:1001251;NT=Trypsin	not available	NT=Q Exactive HF;AC=MS:1002523	NT=Carbamidomethyl;AC=UNIMOD:4;TA=C;MT=Fixed	NT=Higher-energy Collisional Dissociation;AC=MS:1000422	27 NCE	40 ppm	0.05 Da	400-1250 m/z	100-2000 m/z	A
DIA_20260306_ BiAK_2026_BiAK_1_A10	A	10	BiAK_1	10	RA10	2	C:\Xcalibur\methods\Khue\DIA_350to1000_10mz_40min_1to32_700nLmin_60C_2kV_2uL	D:\data\Chus	DIA_20260306_ BiAK_2026_BiAK_1_A10	Homo sapiens	blood plasma	BiAK_1	 BiAK_2026	not available	not available	not available	not available	not available	not available	B85b	PE	BIAK_1-0068	Plate_1_A10	not available	not available	1	AC=EFO:0009656;NT=plasma	run 10	proteomic profiling by mass spectrometry	DIA_20260306_ BiAK_2026_BiAK_1_A10.RAW	DIA_20260306_ BiAK_2026_BiAK_1_A10.RAW	NT=Data-Independent Acquisition;AC=NCIT:C161795	AC=MS:1002038;NT=label free sample	1	NT=High-performance liquid chromatography;AC=PRIDE:0000565	1	AC=MS:1001251;NT=Trypsin	not available	NT=Q Exactive HF;AC=MS:1002523	NT=Carbamidomethyl;AC=UNIMOD:4;TA=C;MT=Fixed	NT=Higher-energy Collisional Dissociation;AC=MS:1000422	27 NCE	40 ppm	0.05 Da	400-1250 m/z	100-2000 m/z	A
DIA_20260306_ BiAK_2026_BiAK_1_A11	A	11	BiAK_1	11	RA11	2	C:\Xcalibur\methods\Khue\DIA_350to1000_10mz_40min_1to32_700nLmin_60C_2kV_2uL	D:\data\Chus	DIA_20260306_ BiAK_2026_BiAK_1_A11	Homo sapiens	blood plasma	BiAK_1	 BiAK_2026	not available	not available	not available	not available	not available	not available	B10d	LE	BIAK_1-0076	Plate_1_A11	not available	not available	1	AC=EFO:0009656;NT=plasma	run 11	proteomic profiling by mass spectrometry	DIA_20260306_ BiAK_2026_BiAK_1_A11.RAW	DIA_20260306_ BiAK_2026_BiAK_1_A11.RAW	NT=Data-Independent Acquisition;AC=NCIT:C161796	AC=MS:1002038;NT=label free sample	1	NT=High-performance liquid chromatography;AC=PRIDE:0000565	1	AC=MS:1001251;NT=Trypsin	not available	NT=Q Exactive HF;AC=MS:1002523	NT=Carbamidomethyl;AC=UNIMOD:4;TA=C;MT=Fixed	NT=Higher-energy Collisional Dissociation;AC=MS:1000422	27 NCE	40 ppm	0.05 Da	400-1250 m/z	100-2000 m/z	A
DIA_20260306_ BiAK_2026_BiAK_1_A12	A	12	BiAK_1	12	RA12	2	C:\Xcalibur\methods\Khue\DIA_350to1000_10mz_40min_1to32_700nLmin_60C_2kV_2uL	D:\data\Chus	DIA_20260306_ BiAK_2026_BiAK_1_A12	Homo sapiens	blood plasma	BiAK_1	 BiAK_2026	not available	not available	not available	not available	not available	not available	K159	Control	BIAK_1-0084	Plate_1_A12	not available	not available	1	AC=EFO:0009656;NT=plasma	run 12	proteomic profiling by mass spectrometry	DIA_20260306_ BiAK_2026_BiAK_1_A12.RAW	DIA_20260306_ BiAK_2026_BiAK_1_A12.RAW	NT=Data-Independent Acquisition;AC=NCIT:C161797	AC=MS:1002038;NT=label free sample	1	NT=High-performance liquid chromatography;AC=PRIDE:0000565	1	AC=MS:1001251;NT=Trypsin	not available	NT=Q Exactive HF;AC=MS:1002523	NT=Carbamidomethyl;AC=UNIMOD:4;TA=C;MT=Fixed	NT=Higher-energy Collisional Dissociation;AC=MS:1000422	27 NCE	40 ppm	0.05 Da	400-1250 m/z	100-2000 m/z	A
DIA_20260306_ BiAK_2026_BiAK_1_B1	B	1	BiAK_1	13	RB1	2	C:\Xcalibur\methods\Khue\DIA_350to1000_10mz_40min_1to32_700nLmin_60C_2kV_2uL	D:\data\Chus	DIA_20260306_ BiAK_2026_BiAK_1_B1	Homo sapiens	blood plasma	BiAK_1	 BiAK_2026	not available	not available	not available	not available	not available	not available	B85a	PF	BIAK_1-0002	Plate_1_B1	not available	not available	1	AC=EFO:0009656;NT=plasma	run 13	proteomic profiling by mass spectrometry	DIA_20260306_ BiAK_2026_BiAK_1_B1.RAW	DIA_20260306_ BiAK_2026_BiAK_1_B1.RAW	NT=Data-Independent Acquisition;AC=NCIT:C161798	AC=MS:1002038;NT=label free sample	1	NT=High-performance liquid chromatography;AC=PRIDE:0000565	1	AC=MS:1001251;NT=Trypsin	not available	NT=Q Exactive HF;AC=MS:1002523	NT=Carbamidomethyl;AC=UNIMOD:4;TA=C;MT=Fixed	NT=Higher-energy Collisional Dissociation;AC=MS:1000422	27 NCE	40 ppm	0.05 Da	400-1250 m/z	100-2000 m/z	B
DIA_20260306_ BiAK_2026_BiAK_1_B2	B	2	Blank	14	RB2	2	C:\Xcalibur\methods\Khue\DIA_350to1000_10mz_40min_1to32_700nLmin_60C_2kV_2uL	D:\data\Chus	DIA_20260306_ BiAK_2026_BiAK_1_B2	Homo sapiens	blood plasma	BiAK_1	 BiAK_2026	not available	not available	not available	not available	not available	not available	BLANK	BLANK	EMPTY-0001	Plate_1_B2	not available	not available	1	AC=EFO:0009656;NT=plasma	run 14	proteomic profiling by mass spectrometry	DIA_20260306_ BiAK_2026_BiAK_1_B2.RAW	DIA_20260306_ BiAK_2026_BiAK_1_B2.RAW	NT=Data-Independent Acquisition;AC=NCIT:C161799	AC=MS:1002038;NT=label free sample	1	NT=High-performance liquid chromatography;AC=PRIDE:0000565	1	AC=MS:1001251;NT=Trypsin	not available	NT=Q Exactive HF;AC=MS:1002523	NT=Carbamidomethyl;AC=UNIMOD:4;TA=C;MT=Fixed	NT=Higher-energy Collisional Dissociation;AC=MS:1000422	27 NCE	40 ppm	0.05 Da	400-1250 m/z	100-2000 m/z	B
DIA_20260306_ BiAK_2026_BiAK_1_B3	B	3	BiAK_1	15	RB3	2	C:\Xcalibur\methods\Khue\DIA_350to1000_10mz_40min_1to32_700nLmin_60C_2kV_2uL	D:\data\Chus	DIA_20260306_ BiAK_2026_BiAK_1_B3	Homo sapiens	blood plasma	BiAK_1	 BiAK_2026	not available	not available	not available	not available	not available	not available	B36b	PE	BIAK_1-0017	Plate_1_B3	not available	not available	1	AC=EFO:0009656;NT=plasma	run 15	proteomic profiling by mass spectrometry	DIA_20260306_ BiAK_2026_BiAK_1_B3.RAW	DIA_20260306_ BiAK_2026_BiAK_1_B3.RAW	NT=Data-Independent Acquisition;AC=NCIT:C161800	AC=MS:1002038;NT=label free sample	1	NT=High-performance liquid chromatography;AC=PRIDE:0000565	1	AC=MS:1001251;NT=Trypsin	not available	NT=Q Exactive HF;AC=MS:1002523	NT=Carbamidomethyl;AC=UNIMOD:4;TA=C;MT=Fixed	NT=Higher-energy Collisional Dissociation;AC=MS:1000422	27 NCE	40 ppm	0.05 Da	400-1250 m/z	100-2000 m/z	B
DIA_20260306_ BiAK_2026_BiAK_1_B4	B	4	BiAK_1	16	RB4	2	C:\Xcalibur\methods\Khue\DIA_350to1000_10mz_40min_1to32_700nLmin_60C_2kV_2uL	D:\data\Chus	DIA_20260306_ BiAK_2026_BiAK_1_B4	Homo sapiens	blood plasma	BiAK_1	 BiAK_2026	not available	not available	not available	not available	not available	not available	B7b	PE	BIAK_1-0025	Plate_1_B4	not available	not available	1	AC=EFO:0009656;NT=plasma	run 16	proteomic profiling by mass spectrometry	DIA_20260306_ BiAK_2026_BiAK_1_B4.RAW	DIA_20260306_ BiAK_2026_BiAK_1_B4.RAW	NT=Data-Independent Acquisition;AC=NCIT:C161801	AC=MS:1002038;NT=label free sample	1	NT=High-performance liquid chromatography;AC=PRIDE:0000565	1	AC=MS:1001251;NT=Trypsin	not available	NT=Q Exactive HF;AC=MS:1002523	NT=Carbamidomethyl;AC=UNIMOD:4;TA=C;MT=Fixed	NT=Higher-energy Collisional Dissociation;AC=MS:1000422	27 NCE	40 ppm	0.05 Da	400-1250 m/z	100-2000 m/z	B
DIA_20260306_ BiAK_2026_BiAK_1_B5	B	5	BiAK_1	17	RB5	2	C:\Xcalibur\methods\Khue\DIA_350to1000_10mz_40min_1to32_700nLmin_60C_2kV_2uL	D:\data\Chus	DIA_20260306_ BiAK_2026_BiAK_1_B5	Homo sapiens	blood plasma	BiAK_1	 BiAK_2026	not available	not available	not available	not available	not available	not available	B19d	LE	BIAK_1-0032	Plate_1_B5	not available	not available	1	AC=EFO:0009656;NT=plasma	run 17	proteomic profiling by mass spectrometry	DIA_20260306_ BiAK_2026_BiAK_1_B5.RAW	DIA_20260306_ BiAK_2026_BiAK_1_B5.RAW	NT=Data-Independent Acquisition;AC=NCIT:C161802	AC=MS:1002038;NT=label free sample	1	NT=High-performance liquid chromatography;AC=PRIDE:0000565	1	AC=MS:1001251;NT=Trypsin	not available	NT=Q Exactive HF;AC=MS:1002523	NT=Carbamidomethyl;AC=UNIMOD:4;TA=C;MT=Fixed	NT=Higher-energy Collisional Dissociation;AC=MS:1000422	27 NCE	40 ppm	0.05 Da	400-1250 m/z	100-2000 m/z	B
DIA_20260306_ BiAK_2026_BiAK_1_B6	B	6	BiAK_1	18	RB6	2	C:\Xcalibur\methods\Khue\DIA_350to1000_10mz_40min_1to32_700nLmin_60C_2kV_2uL	D:\data\Chus	DIA_20260306_ BiAK_2026_BiAK_1_B6	Homo sapiens	blood plasma	BiAK_1	 BiAK_2026	not available	not available	not available	not available	not available	not available	B66c	LF	BIAK_1-0040	Plate_1_B6	not available	not available	1	AC=EFO:0009656;NT=plasma	run 18	proteomic profiling by mass spectrometry	DIA_20260306_ BiAK_2026_BiAK_1_B6.RAW	DIA_20260306_ BiAK_2026_BiAK_1_B6.RAW	NT=Data-Independent Acquisition;AC=NCIT:C161803	AC=MS:1002038;NT=label free sample	1	NT=High-performance liquid chromatography;AC=PRIDE:0000565	1	AC=MS:1001251;NT=Trypsin	not available	NT=Q Exactive HF;AC=MS:1002523	NT=Carbamidomethyl;AC=UNIMOD:4;TA=C;MT=Fixed	NT=Higher-energy Collisional Dissociation;AC=MS:1000422	27 NCE	40 ppm	0.05 Da	400-1250 m/z	100-2000 m/z	B
DIA_20260306_ BiAK_2026_BiAK_1_B7	B	7	BiAK_1	19	RB7	2	C:\Xcalibur\methods\Khue\DIA_350to1000_10mz_40min_1to32_700nLmin_60C_2kV_2uL	D:\data\Chus	DIA_20260306_ BiAK_2026_BiAK_1_B7	Homo sapiens	blood plasma	BiAK_1	 BiAK_2026	not available	not available	not available	not available	not available	not available	B90d	LE	BIAK_1-0047	Plate_1_B7	not available	not available	1	AC=EFO:0009656;NT=plasma	run 19	proteomic profiling by mass spectrometry	DIA_20260306_ BiAK_2026_BiAK_1_B7.RAW	DIA_20260306_ BiAK_2026_BiAK_1_B7.RAW	NT=Data-Independent Acquisition;AC=NCIT:C161804	AC=MS:1002038;NT=label free sample	1	NT=High-performance liquid chromatography;AC=PRIDE:0000565	1	AC=MS:1001251;NT=Trypsin	not available	NT=Q Exactive HF;AC=MS:1002523	NT=Carbamidomethyl;AC=UNIMOD:4;TA=C;MT=Fixed	NT=Higher-energy Collisional Dissociation;AC=MS:1000422	27 NCE	40 ppm	0.05 Da	400-1250 m/z	100-2000 m/z	B
DIA_20260306_ BiAK_2026_BiAK_1_B8	B	8	BiAK_1	20	RB8	2	C:\Xcalibur\methods\Khue\DIA_350to1000_10mz_40min_1to32_700nLmin_60C_2kV_2uL	D:\data\Chus	DIA_20260306_ BiAK_2026_BiAK_1_B8	Homo sapiens	blood plasma	BiAK_1	 BiAK_2026	not available	not available	not available	not available	not available	not available	B92c	LF	BIAK_1-0055	Plate_1_B8	not available	not available	1	AC=EFO:0009656;NT=plasma	run 20	proteomic profiling by mass spectrometry	DIA_20260306_ BiAK_2026_BiAK_1_B8.RAW	DIA_20260306_ BiAK_2026_BiAK_1_B8.RAW	NT=Data-Independent Acquisition;AC=NCIT:C161805	AC=MS:1002038;NT=label free sample	1	NT=High-performance liquid chromatography;AC=PRIDE:0000565	1	AC=MS:1001251;NT=Trypsin	not available	NT=Q Exactive HF;AC=MS:1002523	NT=Carbamidomethyl;AC=UNIMOD:4;TA=C;MT=Fixed	NT=Higher-energy Collisional Dissociation;AC=MS:1000422	27 NCE	40 ppm	0.05 Da	400-1250 m/z	100-2000 m/z	B
DIA_20260306_ BiAK_2026_BiAK_1_B9	B	9	Pool	21	RB9	2	C:\Xcalibur\methods\Khue\DIA_350to1000_10mz_40min_1to32_700nLmin_60C_2kV_2uL	D:\data\Chus	DIA_20260306_ BiAK_2026_BiAK_1_B9	Homo sapiens	blood plasma	BiAK_1	 BiAK_2026	not available	not available	not available	not available	not available	not available	POOL	POOL	QC_PLS-0002	Plate_1_B9	not available	not available	1	AC=EFO:0009656;NT=plasma	run 21	proteomic profiling by mass spectrometry	DIA_20260306_ BiAK_2026_BiAK_1_B9.RAW	DIA_20260306_ BiAK_2026_BiAK_1_B9.RAW	NT=Data-Independent Acquisition;AC=NCIT:C161806	AC=MS:1002038;NT=label free sample	1	NT=High-performance liquid chromatography;AC=PRIDE:0000565	1	AC=MS:1001251;NT=Trypsin	not available	NT=Q Exactive HF;AC=MS:1002523	NT=Carbamidomethyl;AC=UNIMOD:4;TA=C;MT=Fixed	NT=Higher-energy Collisional Dissociation;AC=MS:1000422	27 NCE	40 ppm	0.05 Da	400-1250 m/z	100-2000 m/z	B
DIA_20260306_ BiAK_2026_BiAK_1_B10	B	10	BiAK_1	22	RB10	2	C:\Xcalibur\methods\Khue\DIA_350to1000_10mz_40min_1to32_700nLmin_60C_2kV_2uL	D:\data\Chus	DIA_20260306_ BiAK_2026_BiAK_1_B10	Homo sapiens	blood plasma	BiAK_1	 BiAK_2026	not available	not available	not available	not available	not available	not available	B104b	PE	BIAK_1-0069	Plate_1_B10	not available	not available	1	AC=EFO:0009656;NT=plasma	run 22	proteomic profiling by mass spectrometry	DIA_20260306_ BiAK_2026_BiAK_1_B10.RAW	DIA_20260306_ BiAK_2026_BiAK_1_B10.RAW	NT=Data-Independent Acquisition;AC=NCIT:C161807	AC=MS:1002038;NT=label free sample	1	NT=High-performance liquid chromatography;AC=PRIDE:0000565	1	AC=MS:1001251;NT=Trypsin	not available	NT=Q Exactive HF;AC=MS:1002523	NT=Carbamidomethyl;AC=UNIMOD:4;TA=C;MT=Fixed	NT=Higher-energy Collisional Dissociation;AC=MS:1000422	27 NCE	40 ppm	0.05 Da	400-1250 m/z	100-2000 m/z	B
DIA_20260306_ BiAK_2026_BiAK_1_B11	B	11	BiAK_1	23	RB11	2	C:\Xcalibur\methods\Khue\DIA_350to1000_10mz_40min_1to32_700nLmin_60C_2kV_2uL	D:\data\Chus	DIA_20260306_ BiAK_2026_BiAK_1_B11	Homo sapiens	blood plasma	BiAK_1	 BiAK_2026	not available	not available	not available	not available	not available	not available	B66a	PF	BIAK_1-0077	Plate_1_B11	not available	not available	1	AC=EFO:0009656;NT=plasma	run 23	proteomic profiling by mass spectrometry	DIA_20260306_ BiAK_2026_BiAK_1_B11.RAW	DIA_20260306_ BiAK_2026_BiAK_1_B11.RAW	NT=Data-Independent Acquisition;AC=NCIT:C161808	AC=MS:1002038;NT=label free sample	1	NT=High-performance liquid chromatography;AC=PRIDE:0000565	1	AC=MS:1001251;NT=Trypsin	not available	NT=Q Exactive HF;AC=MS:1002523	NT=Carbamidomethyl;AC=UNIMOD:4;TA=C;MT=Fixed	NT=Higher-energy Collisional Dissociation;AC=MS:1000422	27 NCE	40 ppm	0.05 Da	400-1250 m/z	100-2000 m/z	B
DIA_20260306_ BiAK_2026_BiAK_1_B12	B	12	BiAK_1	24	RB12	2	C:\Xcalibur\methods\Khue\DIA_350to1000_10mz_40min_1to32_700nLmin_60C_2kV_2uL	D:\data\Chus	DIA_20260306_ BiAK_2026_BiAK_1_B12	Homo sapiens	blood plasma	BiAK_1	 BiAK_2026	not available	not available	not available	not available	not available	not available	B87c	LF	BIAK_1-0085	Plate_1_B12	not available	not available	1	AC=EFO:0009656;NT=plasma	run 24	proteomic profiling by mass spectrometry	DIA_20260306_ BiAK_2026_BiAK_1_B12.RAW	DIA_20260306_ BiAK_2026_BiAK_1_B12.RAW	NT=Data-Independent Acquisition;AC=NCIT:C161809	AC=MS:1002038;NT=label free sample	1	NT=High-performance liquid chromatography;AC=PRIDE:0000565	1	AC=MS:1001251;NT=Trypsin	not available	NT=Q Exactive HF;AC=MS:1002523	NT=Carbamidomethyl;AC=UNIMOD:4;TA=C;MT=Fixed	NT=Higher-energy Collisional Dissociation;AC=MS:1000422	27 NCE	40 ppm	0.05 Da	400-1250 m/z	100-2000 m/z	B
DIA_20260306_ BiAK_2026_BiAK_1_C1	C	1	BiAK_1	25	RC1	2	C:\Xcalibur\methods\Khue\DIA_350to1000_10mz_40min_1to32_700nLmin_60C_2kV_2uL	D:\data\Chus	DIA_20260306_ BiAK_2026_BiAK_1_C1	Homo sapiens	blood plasma	BiAK_1	 BiAK_2026	not available	not available	not available	not available	not available	not available	B92d	LE	BIAK_1-0003	Plate_1_C1	not available	not available	1	AC=EFO:0009656;NT=plasma	run 25	proteomic profiling by mass spectrometry	DIA_20260306_ BiAK_2026_BiAK_1_C1.RAW	DIA_20260306_ BiAK_2026_BiAK_1_C1.RAW	NT=Data-Independent Acquisition;AC=NCIT:C161810	AC=MS:1002038;NT=label free sample	1	NT=High-performance liquid chromatography;AC=PRIDE:0000565	1	AC=MS:1001251;NT=Trypsin	not available	NT=Q Exactive HF;AC=MS:1002523	NT=Carbamidomethyl;AC=UNIMOD:4;TA=C;MT=Fixed	NT=Higher-energy Collisional Dissociation;AC=MS:1000422	27 NCE	40 ppm	0.05 Da	400-1250 m/z	100-2000 m/z	C
DIA_20260306_ BiAK_2026_BiAK_1_C2	C	2	BiAK_1	26	RC2	2	C:\Xcalibur\methods\Khue\DIA_350to1000_10mz_40min_1to32_700nLmin_60C_2kV_2uL	D:\data\Chus	DIA_20260306_ BiAK_2026_BiAK_1_C2	Homo sapiens	blood plasma	BiAK_1	 BiAK_2026	not available	not available	not available	not available	not available	not available	B99b	PE	BIAK_1-0010	Plate_1_C2	not available	not available	1	AC=EFO:0009656;NT=plasma	run 26	proteomic profiling by mass spectrometry	DIA_20260306_ BiAK_2026_BiAK_1_C2.RAW	DIA_20260306_ BiAK_2026_BiAK_1_C2.RAW	NT=Data-Independent Acquisition;AC=NCIT:C161811	AC=MS:1002038;NT=label free sample	1	NT=High-performance liquid chromatography;AC=PRIDE:0000565	1	AC=MS:1001251;NT=Trypsin	not available	NT=Q Exactive HF;AC=MS:1002523	NT=Carbamidomethyl;AC=UNIMOD:4;TA=C;MT=Fixed	NT=Higher-energy Collisional Dissociation;AC=MS:1000422	27 NCE	40 ppm	0.05 Da	400-1250 m/z	100-2000 m/z	C
DIA_20260306_ BiAK_2026_BiAK_1_C3	C	3	BiAK_1	27	RC3	2	C:\Xcalibur\methods\Khue\DIA_350to1000_10mz_40min_1to32_700nLmin_60C_2kV_2uL	D:\data\Chus	DIA_20260306_ BiAK_2026_BiAK_1_C3	Homo sapiens	blood plasma	BiAK_1	 BiAK_2026	not available	not available	not available	not available	not available	not available	B32a	PF	BIAK_1-0018	Plate_1_C3	not available	not available	1	AC=EFO:0009656;NT=plasma	run 27	proteomic profiling by mass spectrometry	DIA_20260306_ BiAK_2026_BiAK_1_C3.RAW	DIA_20260306_ BiAK_2026_BiAK_1_C3.RAW	NT=Data-Independent Acquisition;AC=NCIT:C161812	AC=MS:1002038;NT=label free sample	1	NT=High-performance liquid chromatography;AC=PRIDE:0000565	1	AC=MS:1001251;NT=Trypsin	not available	NT=Q Exactive HF;AC=MS:1002523	NT=Carbamidomethyl;AC=UNIMOD:4;TA=C;MT=Fixed	NT=Higher-energy Collisional Dissociation;AC=MS:1000422	27 NCE	40 ppm	0.05 Da	400-1250 m/z	100-2000 m/z	C
DIA_20260306_ BiAK_2026_BiAK_1_C4	C	4	BiAK_1	28	RC4	2	C:\Xcalibur\methods\Khue\DIA_350to1000_10mz_40min_1to32_700nLmin_60C_2kV_2uL	D:\data\Chus	DIA_20260306_ BiAK_2026_BiAK_1_C4	Homo sapiens	blood plasma	BiAK_1	 BiAK_2026	not available	not available	not available	not available	not available	not available	B92a	PF	BIAK_1-0026	Plate_1_C4	not available	not available	1	AC=EFO:0009656;NT=plasma	run 28	proteomic profiling by mass spectrometry	DIA_20260306_ BiAK_2026_BiAK_1_C4.RAW	DIA_20260306_ BiAK_2026_BiAK_1_C4.RAW	NT=Data-Independent Acquisition;AC=NCIT:C161813	AC=MS:1002038;NT=label free sample	1	NT=High-performance liquid chromatography;AC=PRIDE:0000565	1	AC=MS:1001251;NT=Trypsin	not available	NT=Q Exactive HF;AC=MS:1002523	NT=Carbamidomethyl;AC=UNIMOD:4;TA=C;MT=Fixed	NT=Higher-energy Collisional Dissociation;AC=MS:1000422	27 NCE	40 ppm	0.05 Da	400-1250 m/z	100-2000 m/z	C
DIA_20260306_ BiAK_2026_BiAK_1_C5	C	5	BiAK_1	29	RC5	2	C:\Xcalibur\methods\Khue\DIA_350to1000_10mz_40min_1to32_700nLmin_60C_2kV_2uL	D:\data\Chus	DIA_20260306_ BiAK_2026_BiAK_1_C5	Homo sapiens	blood plasma	BiAK_1	 BiAK_2026	not available	not available	not available	not available	not available	not available	B90a	PF	BIAK_1-0033	Plate_1_C5	not available	not available	1	AC=EFO:0009656;NT=plasma	run 29	proteomic profiling by mass spectrometry	DIA_20260306_ BiAK_2026_BiAK_1_C5.RAW	DIA_20260306_ BiAK_2026_BiAK_1_C5.RAW	NT=Data-Independent Acquisition;AC=NCIT:C161814	AC=MS:1002038;NT=label free sample	1	NT=High-performance liquid chromatography;AC=PRIDE:0000565	1	AC=MS:1001251;NT=Trypsin	not available	NT=Q Exactive HF;AC=MS:1002523	NT=Carbamidomethyl;AC=UNIMOD:4;TA=C;MT=Fixed	NT=Higher-energy Collisional Dissociation;AC=MS:1000422	27 NCE	40 ppm	0.05 Da	400-1250 m/z	100-2000 m/z	C
DIA_20260306_ BiAK_2026_BiAK_1_C6	C	6	BiAK_1	30	RC6	2	C:\Xcalibur\methods\Khue\DIA_350to1000_10mz_40min_1to32_700nLmin_60C_2kV_2uL	D:\data\Chus	DIA_20260306_ BiAK_2026_BiAK_1_C6	Homo sapiens	blood plasma	BiAK_1	 BiAK_2026	not available	not available	not available	not available	not available	not available	K49	Control	BIAK_1-0041	Plate_1_C6	not available	not available	1	AC=EFO:0009656;NT=plasma	run 30	proteomic profiling by mass spectrometry	DIA_20260306_ BiAK_2026_BiAK_1_C6.RAW	DIA_20260306_ BiAK_2026_BiAK_1_C6.RAW	NT=Data-Independent Acquisition;AC=NCIT:C161815	AC=MS:1002038;NT=label free sample	1	NT=High-performance liquid chromatography;AC=PRIDE:0000565	1	AC=MS:1001251;NT=Trypsin	not available	NT=Q Exactive HF;AC=MS:1002523	NT=Carbamidomethyl;AC=UNIMOD:4;TA=C;MT=Fixed	NT=Higher-energy Collisional Dissociation;AC=MS:1000422	27 NCE	40 ppm	0.05 Da	400-1250 m/z	100-2000 m/z	C
DIA_20260306_ BiAK_2026_BiAK_1_C7	C	7	BiAK_1	31	RC7	2	C:\Xcalibur\methods\Khue\DIA_350to1000_10mz_40min_1to32_700nLmin_60C_2kV_2uL	D:\data\Chus	DIA_20260306_ BiAK_2026_BiAK_1_C7	Homo sapiens	blood plasma	BiAK_1	 BiAK_2026	not available	not available	not available	not available	not available	not available	K131	Control	BIAK_1-0048	Plate_1_C7	not available	not available	1	AC=EFO:0009656;NT=plasma	run 31	proteomic profiling by mass spectrometry	DIA_20260306_ BiAK_2026_BiAK_1_C7.RAW	DIA_20260306_ BiAK_2026_BiAK_1_C7.RAW	NT=Data-Independent Acquisition;AC=NCIT:C161816	AC=MS:1002038;NT=label free sample	1	NT=High-performance liquid chromatography;AC=PRIDE:0000565	1	AC=MS:1001251;NT=Trypsin	not available	NT=Q Exactive HF;AC=MS:1002523	NT=Carbamidomethyl;AC=UNIMOD:4;TA=C;MT=Fixed	NT=Higher-energy Collisional Dissociation;AC=MS:1000422	27 NCE	40 ppm	0.05 Da	400-1250 m/z	100-2000 m/z	C
DIA_20260306_ BiAK_2026_BiAK_1_C8	C	8	BiAK_1	32	RC8	2	C:\Xcalibur\methods\Khue\DIA_350to1000_10mz_40min_1to32_700nLmin_60C_2kV_2uL	D:\data\Chus	DIA_20260306_ BiAK_2026_BiAK_1_C8	Homo sapiens	blood plasma	BiAK_1	 BiAK_2026	not available	not available	not available	not available	not available	not available	B96a	PF	BIAK_1-0056	Plate_1_C8	not available	not available	1	AC=EFO:0009656;NT=plasma	run 32	proteomic profiling by mass spectrometry	DIA_20260306_ BiAK_2026_BiAK_1_C8.RAW	DIA_20260306_ BiAK_2026_BiAK_1_C8.RAW	NT=Data-Independent Acquisition;AC=NCIT:C161817	AC=MS:1002038;NT=label free sample	1	NT=High-performance liquid chromatography;AC=PRIDE:0000565	1	AC=MS:1001251;NT=Trypsin	not available	NT=Q Exactive HF;AC=MS:1002523	NT=Carbamidomethyl;AC=UNIMOD:4;TA=C;MT=Fixed	NT=Higher-energy Collisional Dissociation;AC=MS:1000422	27 NCE	40 ppm	0.05 Da	400-1250 m/z	100-2000 m/z	C
DIA_20260306_ BiAK_2026_BiAK_1_C9	C	9	BiAK_1	33	RC9	2	C:\Xcalibur\methods\Khue\DIA_350to1000_10mz_40min_1to32_700nLmin_60C_2kV_2uL	D:\data\Chus	DIA_20260306_ BiAK_2026_BiAK_1_C9	Homo sapiens	blood plasma	BiAK_1	 BiAK_2026	not available	not available	not available	not available	not available	not available	B78a	PF	BIAK_1-0062	Plate_1_C9	not available	not available	1	AC=EFO:0009656;NT=plasma	run 33	proteomic profiling by mass spectrometry	DIA_20260306_ BiAK_2026_BiAK_1_C9.RAW	DIA_20260306_ BiAK_2026_BiAK_1_C9.RAW	NT=Data-Independent Acquisition;AC=NCIT:C161818	AC=MS:1002038;NT=label free sample	1	NT=High-performance liquid chromatography;AC=PRIDE:0000565	1	AC=MS:1001251;NT=Trypsin	not available	NT=Q Exactive HF;AC=MS:1002523	NT=Carbamidomethyl;AC=UNIMOD:4;TA=C;MT=Fixed	NT=Higher-energy Collisional Dissociation;AC=MS:1000422	27 NCE	40 ppm	0.05 Da	400-1250 m/z	100-2000 m/z	C
DIA_20260306_ BiAK_2026_BiAK_1_C10	C	10	BiAK_1	34	RC10	2	C:\Xcalibur\methods\Khue\DIA_350to1000_10mz_40min_1to32_700nLmin_60C_2kV_2uL	D:\data\Chus	DIA_20260306_ BiAK_2026_BiAK_1_C10	Homo sapiens	blood plasma	BiAK_1	 BiAK_2026	not available	not available	not available	not available	not available	not available	B6a	PF	BIAK_1-0070	Plate_1_C10	not available	not available	1	AC=EFO:0009656;NT=plasma	run 34	proteomic profiling by mass spectrometry	DIA_20260306_ BiAK_2026_BiAK_1_C10.RAW	DIA_20260306_ BiAK_2026_BiAK_1_C10.RAW	NT=Data-Independent Acquisition;AC=NCIT:C161819	AC=MS:1002038;NT=label free sample	1	NT=High-performance liquid chromatography;AC=PRIDE:0000565	1	AC=MS:1001251;NT=Trypsin	not available	NT=Q Exactive HF;AC=MS:1002523	NT=Carbamidomethyl;AC=UNIMOD:4;TA=C;MT=Fixed	NT=Higher-energy Collisional Dissociation;AC=MS:1000422	27 NCE	40 ppm	0.05 Da	400-1250 m/z	100-2000 m/z	C
DIA_20260306_ BiAK_2026_BiAK_1_C11	C	11	BiAK_1	35	RC11	2	C:\Xcalibur\methods\Khue\DIA_350to1000_10mz_40min_1to32_700nLmin_60C_2kV_2uL	D:\data\Chus	DIA_20260306_ BiAK_2026_BiAK_1_C11	Homo sapiens	blood plasma	BiAK_1	 BiAK_2026	not available	not available	not available	not available	not available	not available	B94a	PF	BIAK_1-0078	Plate_1_C11	not available	not available	1	AC=EFO:0009656;NT=plasma	run 35	proteomic profiling by mass spectrometry	DIA_20260306_ BiAK_2026_BiAK_1_C11.RAW	DIA_20260306_ BiAK_2026_BiAK_1_C11.RAW	NT=Data-Independent Acquisition;AC=NCIT:C161820	AC=MS:1002038;NT=label free sample	1	NT=High-performance liquid chromatography;AC=PRIDE:0000565	1	AC=MS:1001251;NT=Trypsin	not available	NT=Q Exactive HF;AC=MS:1002523	NT=Carbamidomethyl;AC=UNIMOD:4;TA=C;MT=Fixed	NT=Higher-energy Collisional Dissociation;AC=MS:1000422	27 NCE	40 ppm	0.05 Da	400-1250 m/z	100-2000 m/z	C
DIA_20260306_ BiAK_2026_BiAK_1_C12	C	12	BiAK_1	36	RC12	2	C:\Xcalibur\methods\Khue\DIA_350to1000_10mz_40min_1to32_700nLmin_60C_2kV_2uL	D:\data\Chus	DIA_20260306_ BiAK_2026_BiAK_1_C12	Homo sapiens	blood plasma	BiAK_1	 BiAK_2026	not available	not available	not available	not available	not available	not available	B99a	PF	BIAK_1-0086	Plate_1_C12	not available	not available	1	AC=EFO:0009656;NT=plasma	run 36	proteomic profiling by mass spectrometry	DIA_20260306_ BiAK_2026_BiAK_1_C12.RAW	DIA_20260306_ BiAK_2026_BiAK_1_C12.RAW	NT=Data-Independent Acquisition;AC=NCIT:C161821	AC=MS:1002038;NT=label free sample	1	NT=High-performance liquid chromatography;AC=PRIDE:0000565	1	AC=MS:1001251;NT=Trypsin	not available	NT=Q Exactive HF;AC=MS:1002523	NT=Carbamidomethyl;AC=UNIMOD:4;TA=C;MT=Fixed	NT=Higher-energy Collisional Dissociation;AC=MS:1000422	27 NCE	40 ppm	0.05 Da	400-1250 m/z	100-2000 m/z	C
DIA_20260306_ BiAK_2026_BiAK_1_D1	D	1	BiAK_1	37	RD1	2	C:\Xcalibur\methods\Khue\DIA_350to1000_10mz_40min_1to32_700nLmin_60C_2kV_2uL	D:\data\Chus	DIA_20260306_ BiAK_2026_BiAK_1_D1	Homo sapiens	blood plasma	BiAK_1	 BiAK_2026	not available	not available	not available	not available	not available	not available	K112	Control	BIAK_1-0004	Plate_1_D1	not available	not available	1	AC=EFO:0009656;NT=plasma	run 37	proteomic profiling by mass spectrometry	DIA_20260306_ BiAK_2026_BiAK_1_D1.RAW	DIA_20260306_ BiAK_2026_BiAK_1_D1.RAW	NT=Data-Independent Acquisition;AC=NCIT:C161822	AC=MS:1002038;NT=label free sample	1	NT=High-performance liquid chromatography;AC=PRIDE:0000565	1	AC=MS:1001251;NT=Trypsin	not available	NT=Q Exactive HF;AC=MS:1002523	NT=Carbamidomethyl;AC=UNIMOD:4;TA=C;MT=Fixed	NT=Higher-energy Collisional Dissociation;AC=MS:1000422	27 NCE	40 ppm	0.05 Da	400-1250 m/z	100-2000 m/z	D
DIA_20260306_ BiAK_2026_BiAK_1_D2	D	2	BiAK_1	38	RD2	2	C:\Xcalibur\methods\Khue\DIA_350to1000_10mz_40min_1to32_700nLmin_60C_2kV_2uL	D:\data\Chus	DIA_20260306_ BiAK_2026_BiAK_1_D2	Homo sapiens	blood plasma	BiAK_1	 BiAK_2026	not available	not available	not available	not available	not available	not available	B96b	PE	BIAK_1-0011	Plate_1_D2	not available	not available	1	AC=EFO:0009656;NT=plasma	run 38	proteomic profiling by mass spectrometry	DIA_20260306_ BiAK_2026_BiAK_1_D2.RAW	DIA_20260306_ BiAK_2026_BiAK_1_D2.RAW	NT=Data-Independent Acquisition;AC=NCIT:C161823	AC=MS:1002038;NT=label free sample	1	NT=High-performance liquid chromatography;AC=PRIDE:0000565	1	AC=MS:1001251;NT=Trypsin	not available	NT=Q Exactive HF;AC=MS:1002523	NT=Carbamidomethyl;AC=UNIMOD:4;TA=C;MT=Fixed	NT=Higher-energy Collisional Dissociation;AC=MS:1000422	27 NCE	40 ppm	0.05 Da	400-1250 m/z	100-2000 m/z	D
DIA_20260306_ BiAK_2026_BiAK_1_D3	D	3	BiAK_1	39	RD3	2	C:\Xcalibur\methods\Khue\DIA_350to1000_10mz_40min_1to32_700nLmin_60C_2kV_2uL	D:\data\Chus	DIA_20260306_ BiAK_2026_BiAK_1_D3	Homo sapiens	blood plasma	BiAK_1	 BiAK_2026	not available	not available	not available	not available	not available	not available	B10b	PE	BIAK_1-0019	Plate_1_D3	not available	not available	1	AC=EFO:0009656;NT=plasma	run 39	proteomic profiling by mass spectrometry	DIA_20260306_ BiAK_2026_BiAK_1_D3.RAW	DIA_20260306_ BiAK_2026_BiAK_1_D3.RAW	NT=Data-Independent Acquisition;AC=NCIT:C161824	AC=MS:1002038;NT=label free sample	1	NT=High-performance liquid chromatography;AC=PRIDE:0000565	1	AC=MS:1001251;NT=Trypsin	not available	NT=Q Exactive HF;AC=MS:1002523	NT=Carbamidomethyl;AC=UNIMOD:4;TA=C;MT=Fixed	NT=Higher-energy Collisional Dissociation;AC=MS:1000422	27 NCE	40 ppm	0.05 Da	400-1250 m/z	100-2000 m/z	D
DIA_20260306_ BiAK_2026_BiAK_1_D4	D	4	BiAK_1	40	RD4	2	C:\Xcalibur\methods\Khue\DIA_350to1000_10mz_40min_1to32_700nLmin_60C_2kV_2uL	D:\data\Chus	DIA_20260306_ BiAK_2026_BiAK_1_D4	Homo sapiens	blood plasma	BiAK_1	 BiAK_2026	not available	not available	not available	not available	not available	not available	B104a	PF	BIAK_1-0027	Plate_1_D4	not available	not available	1	AC=EFO:0009656;NT=plasma	run 40	proteomic profiling by mass spectrometry	DIA_20260306_ BiAK_2026_BiAK_1_D4.RAW	DIA_20260306_ BiAK_2026_BiAK_1_D4.RAW	NT=Data-Independent Acquisition;AC=NCIT:C161825	AC=MS:1002038;NT=label free sample	1	NT=High-performance liquid chromatography;AC=PRIDE:0000565	1	AC=MS:1001251;NT=Trypsin	not available	NT=Q Exactive HF;AC=MS:1002523	NT=Carbamidomethyl;AC=UNIMOD:4;TA=C;MT=Fixed	NT=Higher-energy Collisional Dissociation;AC=MS:1000422	27 NCE	40 ppm	0.05 Da	400-1250 m/z	100-2000 m/z	D
DIA_20260306_ BiAK_2026_BiAK_1_D5	D	5	BiAK_1	41	RD5	2	C:\Xcalibur\methods\Khue\DIA_350to1000_10mz_40min_1to32_700nLmin_60C_2kV_2uL	D:\data\Chus	DIA_20260306_ BiAK_2026_BiAK_1_D5	Homo sapiens	blood plasma	BiAK_1	 BiAK_2026	not available	not available	not available	not available	not available	not available	B94b	PE	BIAK_1-0034	Plate_1_D5	not available	not available	1	AC=EFO:0009656;NT=plasma	run 41	proteomic profiling by mass spectrometry	DIA_20260306_ BiAK_2026_BiAK_1_D5.RAW	DIA_20260306_ BiAK_2026_BiAK_1_D5.RAW	NT=Data-Independent Acquisition;AC=NCIT:C161826	AC=MS:1002038;NT=label free sample	1	NT=High-performance liquid chromatography;AC=PRIDE:0000565	1	AC=MS:1001251;NT=Trypsin	not available	NT=Q Exactive HF;AC=MS:1002523	NT=Carbamidomethyl;AC=UNIMOD:4;TA=C;MT=Fixed	NT=Higher-energy Collisional Dissociation;AC=MS:1000422	27 NCE	40 ppm	0.05 Da	400-1250 m/z	100-2000 m/z	D
DIA_20260306_ BiAK_2026_BiAK_1_D6	D	6	BiAK_1	42	RD6	2	C:\Xcalibur\methods\Khue\DIA_350to1000_10mz_40min_1to32_700nLmin_60C_2kV_2uL	D:\data\Chus	DIA_20260306_ BiAK_2026_BiAK_1_D6	Homo sapiens	blood plasma	BiAK_1	 BiAK_2026	not available	not available	not available	not available	not available	not available	B88c	LF	BIAK_1-0042	Plate_1_D6	not available	not available	1	AC=EFO:0009656;NT=plasma	run 42	proteomic profiling by mass spectrometry	DIA_20260306_ BiAK_2026_BiAK_1_D6.RAW	DIA_20260306_ BiAK_2026_BiAK_1_D6.RAW	NT=Data-Independent Acquisition;AC=NCIT:C161827	AC=MS:1002038;NT=label free sample	1	NT=High-performance liquid chromatography;AC=PRIDE:0000565	1	AC=MS:1001251;NT=Trypsin	not available	NT=Q Exactive HF;AC=MS:1002523	NT=Carbamidomethyl;AC=UNIMOD:4;TA=C;MT=Fixed	NT=Higher-energy Collisional Dissociation;AC=MS:1000422	27 NCE	40 ppm	0.05 Da	400-1250 m/z	100-2000 m/z	D
DIA_20260306_ BiAK_2026_BiAK_1_D7	D	7	BiAK_1	43	RD7	2	C:\Xcalibur\methods\Khue\DIA_350to1000_10mz_40min_1to32_700nLmin_60C_2kV_2uL	D:\data\Chus	DIA_20260306_ BiAK_2026_BiAK_1_D7	Homo sapiens	blood plasma	BiAK_1	 BiAK_2026	not available	not available	not available	not available	not available	not available	B66b	PE	BIAK_1-0049	Plate_1_D7	not available	not available	1	AC=EFO:0009656;NT=plasma	run 43	proteomic profiling by mass spectrometry	DIA_20260306_ BiAK_2026_BiAK_1_D7.RAW	DIA_20260306_ BiAK_2026_BiAK_1_D7.RAW	NT=Data-Independent Acquisition;AC=NCIT:C161828	AC=MS:1002038;NT=label free sample	1	NT=High-performance liquid chromatography;AC=PRIDE:0000565	1	AC=MS:1001251;NT=Trypsin	not available	NT=Q Exactive HF;AC=MS:1002523	NT=Carbamidomethyl;AC=UNIMOD:4;TA=C;MT=Fixed	NT=Higher-energy Collisional Dissociation;AC=MS:1000422	27 NCE	40 ppm	0.05 Da	400-1250 m/z	100-2000 m/z	D
DIA_20260306_ BiAK_2026_BiAK_1_D8	D	8	BiAK_1	44	RD8	2	C:\Xcalibur\methods\Khue\DIA_350to1000_10mz_40min_1to32_700nLmin_60C_2kV_2uL	D:\data\Chus	DIA_20260306_ BiAK_2026_BiAK_1_D8	Homo sapiens	blood plasma	BiAK_1	 BiAK_2026	not available	not available	not available	not available	not available	not available	B36a	PF	BIAK_1-0057	Plate_1_D8	not available	not available	1	AC=EFO:0009656;NT=plasma	run 44	proteomic profiling by mass spectrometry	DIA_20260306_ BiAK_2026_BiAK_1_D8.RAW	DIA_20260306_ BiAK_2026_BiAK_1_D8.RAW	NT=Data-Independent Acquisition;AC=NCIT:C161829	AC=MS:1002038;NT=label free sample	1	NT=High-performance liquid chromatography;AC=PRIDE:0000565	1	AC=MS:1001251;NT=Trypsin	not available	NT=Q Exactive HF;AC=MS:1002523	NT=Carbamidomethyl;AC=UNIMOD:4;TA=C;MT=Fixed	NT=Higher-energy Collisional Dissociation;AC=MS:1000422	27 NCE	40 ppm	0.05 Da	400-1250 m/z	100-2000 m/z	D
DIA_20260306_ BiAK_2026_BiAK_1_D9	D	9	BiAK_1	45	RD9	2	C:\Xcalibur\methods\Khue\DIA_350to1000_10mz_40min_1to32_700nLmin_60C_2kV_2uL	D:\data\Chus	DIA_20260306_ BiAK_2026_BiAK_1_D9	Homo sapiens	blood plasma	BiAK_1	 BiAK_2026	not available	not available	not available	not available	not available	not available	B32c	LF	BIAK_1-0063	Plate_1_D9	not available	not available	1	AC=EFO:0009656;NT=plasma	run 45	proteomic profiling by mass spectrometry	DIA_20260306_ BiAK_2026_BiAK_1_D9.RAW	DIA_20260306_ BiAK_2026_BiAK_1_D9.RAW	NT=Data-Independent Acquisition;AC=NCIT:C161830	AC=MS:1002038;NT=label free sample	1	NT=High-performance liquid chromatography;AC=PRIDE:0000565	1	AC=MS:1001251;NT=Trypsin	not available	NT=Q Exactive HF;AC=MS:1002523	NT=Carbamidomethyl;AC=UNIMOD:4;TA=C;MT=Fixed	NT=Higher-energy Collisional Dissociation;AC=MS:1000422	27 NCE	40 ppm	0.05 Da	400-1250 m/z	100-2000 m/z	D
DIA_20260306_ BiAK_2026_BiAK_1_D10	D	10	BiAK_1	46	RD10	2	C:\Xcalibur\methods\Khue\DIA_350to1000_10mz_40min_1to32_700nLmin_60C_2kV_2uL	D:\data\Chus	DIA_20260306_ BiAK_2026_BiAK_1_D10	Homo sapiens	blood plasma	BiAK_1	 BiAK_2026	not available	not available	not available	not available	not available	not available	B19c	LF	BIAK_1-0071	Plate_1_D10	not available	not available	1	AC=EFO:0009656;NT=plasma	run 46	proteomic profiling by mass spectrometry	DIA_20260306_ BiAK_2026_BiAK_1_D10.RAW	DIA_20260306_ BiAK_2026_BiAK_1_D10.RAW	NT=Data-Independent Acquisition;AC=NCIT:C161831	AC=MS:1002038;NT=label free sample	1	NT=High-performance liquid chromatography;AC=PRIDE:0000565	1	AC=MS:1001251;NT=Trypsin	not available	NT=Q Exactive HF;AC=MS:1002523	NT=Carbamidomethyl;AC=UNIMOD:4;TA=C;MT=Fixed	NT=Higher-energy Collisional Dissociation;AC=MS:1000422	27 NCE	40 ppm	0.05 Da	400-1250 m/z	100-2000 m/z	D
DIA_20260306_ BiAK_2026_BiAK_1_D11	D	11	BiAK_1	47	RD11	2	C:\Xcalibur\methods\Khue\DIA_350to1000_10mz_40min_1to32_700nLmin_60C_2kV_2uL	D:\data\Chus	DIA_20260306_ BiAK_2026_BiAK_1_D11	Homo sapiens	blood plasma	BiAK_1	 BiAK_2026	not available	not available	not available	not available	not available	not available	B88b	PE	BIAK_1-0079	Plate_1_D11	not available	not available	1	AC=EFO:0009656;NT=plasma	run 47	proteomic profiling by mass spectrometry	DIA_20260306_ BiAK_2026_BiAK_1_D11.RAW	DIA_20260306_ BiAK_2026_BiAK_1_D11.RAW	NT=Data-Independent Acquisition;AC=NCIT:C161832	AC=MS:1002038;NT=label free sample	1	NT=High-performance liquid chromatography;AC=PRIDE:0000565	1	AC=MS:1001251;NT=Trypsin	not available	NT=Q Exactive HF;AC=MS:1002523	NT=Carbamidomethyl;AC=UNIMOD:4;TA=C;MT=Fixed	NT=Higher-energy Collisional Dissociation;AC=MS:1000422	27 NCE	40 ppm	0.05 Da	400-1250 m/z	100-2000 m/z	D
DIA_20260306_ BiAK_2026_BiAK_1_D12	D	12	BiAK_1	48	RD12	2	C:\Xcalibur\methods\Khue\DIA_350to1000_10mz_40min_1to32_700nLmin_60C_2kV_2uL	D:\data\Chus	DIA_20260306_ BiAK_2026_BiAK_1_D12	Homo sapiens	blood plasma	BiAK_1	 BiAK_2026	not available	not available	not available	not available	not available	not available	B88d	LE	BIAK_1-0087	Plate_1_D12	not available	not available	1	AC=EFO:0009656;NT=plasma	run 48	proteomic profiling by mass spectrometry	DIA_20260306_ BiAK_2026_BiAK_1_D12.RAW	DIA_20260306_ BiAK_2026_BiAK_1_D12.RAW	NT=Data-Independent Acquisition;AC=NCIT:C161833	AC=MS:1002038;NT=label free sample	1	NT=High-performance liquid chromatography;AC=PRIDE:0000565	1	AC=MS:1001251;NT=Trypsin	not available	NT=Q Exactive HF;AC=MS:1002523	NT=Carbamidomethyl;AC=UNIMOD:4;TA=C;MT=Fixed	NT=Higher-energy Collisional Dissociation;AC=MS:1000422	27 NCE	40 ppm	0.05 Da	400-1250 m/z	100-2000 m/z	D
DIA_20260306_ BiAK_2026_BiAK_1_E1	E	1	BiAK_1	49	RE1	2	C:\Xcalibur\methods\Khue\DIA_350to1000_10mz_40min_1to32_700nLmin_60C_2kV_2uL	D:\data\Chus	DIA_20260306_ BiAK_2026_BiAK_1_E1	Homo sapiens	blood plasma	BiAK_1	 BiAK_2026	not available	not available	not available	not available	not available	not available	B33d	LE	BIAK_1-0005	Plate_1_E1	not available	not available	1	AC=EFO:0009656;NT=plasma	run 49	proteomic profiling by mass spectrometry	DIA_20260306_ BiAK_2026_BiAK_1_E1.RAW	DIA_20260306_ BiAK_2026_BiAK_1_E1.RAW	NT=Data-Independent Acquisition;AC=NCIT:C161834	AC=MS:1002038;NT=label free sample	1	NT=High-performance liquid chromatography;AC=PRIDE:0000565	1	AC=MS:1001251;NT=Trypsin	not available	NT=Q Exactive HF;AC=MS:1002523	NT=Carbamidomethyl;AC=UNIMOD:4;TA=C;MT=Fixed	NT=Higher-energy Collisional Dissociation;AC=MS:1000422	27 NCE	40 ppm	0.05 Da	400-1250 m/z	100-2000 m/z	E
DIA_20260306_ BiAK_2026_BiAK_1_E2	E	2	BiAK_1	50	RE2	2	C:\Xcalibur\methods\Khue\DIA_350to1000_10mz_40min_1to32_700nLmin_60C_2kV_2uL	D:\data\Chus	DIA_20260306_ BiAK_2026_BiAK_1_E2	Homo sapiens	blood plasma	BiAK_1	 BiAK_2026	not available	not available	not available	not available	not available	not available	B6d	LE	BIAK_1-0012	Plate_1_E2	not available	not available	1	AC=EFO:0009656;NT=plasma	run 50	proteomic profiling by mass spectrometry	DIA_20260306_ BiAK_2026_BiAK_1_E2.RAW	DIA_20260306_ BiAK_2026_BiAK_1_E2.RAW	NT=Data-Independent Acquisition;AC=NCIT:C161835	AC=MS:1002038;NT=label free sample	1	NT=High-performance liquid chromatography;AC=PRIDE:0000565	1	AC=MS:1001251;NT=Trypsin	not available	NT=Q Exactive HF;AC=MS:1002523	NT=Carbamidomethyl;AC=UNIMOD:4;TA=C;MT=Fixed	NT=Higher-energy Collisional Dissociation;AC=MS:1000422	27 NCE	40 ppm	0.05 Da	400-1250 m/z	100-2000 m/z	E
DIA_20260306_ BiAK_2026_BiAK_1_E3	E	3	BiAK_1	51	RE3	2	C:\Xcalibur\methods\Khue\DIA_350to1000_10mz_40min_1to32_700nLmin_60C_2kV_2uL	D:\data\Chus	DIA_20260306_ BiAK_2026_BiAK_1_E3	Homo sapiens	blood plasma	BiAK_1	 BiAK_2026	not available	not available	not available	not available	not available	not available	B19b	PE	BIAK_1-0020	Plate_1_E3	not available	not available	1	AC=EFO:0009656;NT=plasma	run 51	proteomic profiling by mass spectrometry	DIA_20260306_ BiAK_2026_BiAK_1_E3.RAW	DIA_20260306_ BiAK_2026_BiAK_1_E3.RAW	NT=Data-Independent Acquisition;AC=NCIT:C161836	AC=MS:1002038;NT=label free sample	1	NT=High-performance liquid chromatography;AC=PRIDE:0000565	1	AC=MS:1001251;NT=Trypsin	not available	NT=Q Exactive HF;AC=MS:1002523	NT=Carbamidomethyl;AC=UNIMOD:4;TA=C;MT=Fixed	NT=Higher-energy Collisional Dissociation;AC=MS:1000422	27 NCE	40 ppm	0.05 Da	400-1250 m/z	100-2000 m/z	E
DIA_20260306_ BiAK_2026_BiAK_1_E4	E	4	BiAK_1	52	RE4	2	C:\Xcalibur\methods\Khue\DIA_350to1000_10mz_40min_1to32_700nLmin_60C_2kV_2uL	D:\data\Chus	DIA_20260306_ BiAK_2026_BiAK_1_E4	Homo sapiens	blood plasma	BiAK_1	 BiAK_2026	not available	not available	not available	not available	not available	not available	B94c	LF	BIAK_1-0028	Plate_1_E4	not available	not available	1	AC=EFO:0009656;NT=plasma	run 52	proteomic profiling by mass spectrometry	DIA_20260306_ BiAK_2026_BiAK_1_E4.RAW	DIA_20260306_ BiAK_2026_BiAK_1_E4.RAW	NT=Data-Independent Acquisition;AC=NCIT:C161837	AC=MS:1002038;NT=label free sample	1	NT=High-performance liquid chromatography;AC=PRIDE:0000565	1	AC=MS:1001251;NT=Trypsin	not available	NT=Q Exactive HF;AC=MS:1002523	NT=Carbamidomethyl;AC=UNIMOD:4;TA=C;MT=Fixed	NT=Higher-energy Collisional Dissociation;AC=MS:1000422	27 NCE	40 ppm	0.05 Da	400-1250 m/z	100-2000 m/z	E
DIA_20260306_ BiAK_2026_BiAK_1_E5	E	5	BiAK_1	53	RE5	2	C:\Xcalibur\methods\Khue\DIA_350to1000_10mz_40min_1to32_700nLmin_60C_2kV_2uL	D:\data\Chus	DIA_20260306_ BiAK_2026_BiAK_1_E5	Homo sapiens	blood plasma	BiAK_1	 BiAK_2026	not available	not available	not available	not available	not available	not available	B104d	LE	BIAK_1-0035	Plate_1_E5	not available	not available	1	AC=EFO:0009656;NT=plasma	run 53	proteomic profiling by mass spectrometry	DIA_20260306_ BiAK_2026_BiAK_1_E5.RAW	DIA_20260306_ BiAK_2026_BiAK_1_E5.RAW	NT=Data-Independent Acquisition;AC=NCIT:C161838	AC=MS:1002038;NT=label free sample	1	NT=High-performance liquid chromatography;AC=PRIDE:0000565	1	AC=MS:1001251;NT=Trypsin	not available	NT=Q Exactive HF;AC=MS:1002523	NT=Carbamidomethyl;AC=UNIMOD:4;TA=C;MT=Fixed	NT=Higher-energy Collisional Dissociation;AC=MS:1000422	27 NCE	40 ppm	0.05 Da	400-1250 m/z	100-2000 m/z	E
DIA_20260306_ BiAK_2026_BiAK_1_E6	E	6	BiAK_1	54	RE6	2	C:\Xcalibur\methods\Khue\DIA_350to1000_10mz_40min_1to32_700nLmin_60C_2kV_2uL	D:\data\Chus	DIA_20260306_ BiAK_2026_BiAK_1_E6	Homo sapiens	blood plasma	BiAK_1	 BiAK_2026	not available	not available	not available	not available	not available	not available	B85c	LF	BIAK_1-0043	Plate_1_E6	not available	not available	1	AC=EFO:0009656;NT=plasma	run 54	proteomic profiling by mass spectrometry	DIA_20260306_ BiAK_2026_BiAK_1_E6.RAW	DIA_20260306_ BiAK_2026_BiAK_1_E6.RAW	NT=Data-Independent Acquisition;AC=NCIT:C161839	AC=MS:1002038;NT=label free sample	1	NT=High-performance liquid chromatography;AC=PRIDE:0000565	1	AC=MS:1001251;NT=Trypsin	not available	NT=Q Exactive HF;AC=MS:1002523	NT=Carbamidomethyl;AC=UNIMOD:4;TA=C;MT=Fixed	NT=Higher-energy Collisional Dissociation;AC=MS:1000422	27 NCE	40 ppm	0.05 Da	400-1250 m/z	100-2000 m/z	E
DIA_20260306_ BiAK_2026_BiAK_1_E7	E	7	BiAK_1	55	RE7	2	C:\Xcalibur\methods\Khue\DIA_350to1000_10mz_40min_1to32_700nLmin_60C_2kV_2uL	D:\data\Chus	DIA_20260306_ BiAK_2026_BiAK_1_E7	Homo sapiens	blood plasma	BiAK_1	 BiAK_2026	not available	not available	not available	not available	not available	not available	B1d	LE	BIAK_1-0050	Plate_1_E7	not available	not available	1	AC=EFO:0009656;NT=plasma	run 55	proteomic profiling by mass spectrometry	DIA_20260306_ BiAK_2026_BiAK_1_E7.RAW	DIA_20260306_ BiAK_2026_BiAK_1_E7.RAW	NT=Data-Independent Acquisition;AC=NCIT:C161840	AC=MS:1002038;NT=label free sample	1	NT=High-performance liquid chromatography;AC=PRIDE:0000565	1	AC=MS:1001251;NT=Trypsin	not available	NT=Q Exactive HF;AC=MS:1002523	NT=Carbamidomethyl;AC=UNIMOD:4;TA=C;MT=Fixed	NT=Higher-energy Collisional Dissociation;AC=MS:1000422	27 NCE	40 ppm	0.05 Da	400-1250 m/z	100-2000 m/z	E
DIA_20260306_ BiAK_2026_BiAK_1_E8	E	8	BiAK_1	56	RE8	2	C:\Xcalibur\methods\Khue\DIA_350to1000_10mz_40min_1to32_700nLmin_60C_2kV_2uL	D:\data\Chus	DIA_20260306_ BiAK_2026_BiAK_1_E8	Homo sapiens	blood plasma	BiAK_1	 BiAK_2026	not available	not available	not available	not available	not available	not available	B90c	LF	BIAK_1-0058	Plate_1_E8	not available	not available	1	AC=EFO:0009656;NT=plasma	run 56	proteomic profiling by mass spectrometry	DIA_20260306_ BiAK_2026_BiAK_1_E8.RAW	DIA_20260306_ BiAK_2026_BiAK_1_E8.RAW	NT=Data-Independent Acquisition;AC=NCIT:C161841	AC=MS:1002038;NT=label free sample	1	NT=High-performance liquid chromatography;AC=PRIDE:0000565	1	AC=MS:1001251;NT=Trypsin	not available	NT=Q Exactive HF;AC=MS:1002523	NT=Carbamidomethyl;AC=UNIMOD:4;TA=C;MT=Fixed	NT=Higher-energy Collisional Dissociation;AC=MS:1000422	27 NCE	40 ppm	0.05 Da	400-1250 m/z	100-2000 m/z	E
DIA_20260306_ BiAK_2026_BiAK_1_E9	E	9	BiAK_1	57	RE9	2	C:\Xcalibur\methods\Khue\DIA_350to1000_10mz_40min_1to32_700nLmin_60C_2kV_2uL	D:\data\Chus	DIA_20260306_ BiAK_2026_BiAK_1_E9	Homo sapiens	blood plasma	BiAK_1	 BiAK_2026	not available	not available	not available	not available	not available	not available	B7d	LE	BIAK_1-0064	Plate_1_E9	not available	not available	1	AC=EFO:0009656;NT=plasma	run 57	proteomic profiling by mass spectrometry	DIA_20260306_ BiAK_2026_BiAK_1_E9.RAW	DIA_20260306_ BiAK_2026_BiAK_1_E9.RAW	NT=Data-Independent Acquisition;AC=NCIT:C161842	AC=MS:1002038;NT=label free sample	1	NT=High-performance liquid chromatography;AC=PRIDE:0000565	1	AC=MS:1001251;NT=Trypsin	not available	NT=Q Exactive HF;AC=MS:1002523	NT=Carbamidomethyl;AC=UNIMOD:4;TA=C;MT=Fixed	NT=Higher-energy Collisional Dissociation;AC=MS:1000422	27 NCE	40 ppm	0.05 Da	400-1250 m/z	100-2000 m/z	E
DIA_20260306_ BiAK_2026_BiAK_1_E10	E	10	BiAK_1	58	RE10	2	C:\Xcalibur\methods\Khue\DIA_350to1000_10mz_40min_1to32_700nLmin_60C_2kV_2uL	D:\data\Chus	DIA_20260306_ BiAK_2026_BiAK_1_E10	Homo sapiens	blood plasma	BiAK_1	 BiAK_2026	not available	not available	not available	not available	not available	not available	B6b	PE	BIAK_1-0072	Plate_1_E10	not available	not available	1	AC=EFO:0009656;NT=plasma	run 58	proteomic profiling by mass spectrometry	DIA_20260306_ BiAK_2026_BiAK_1_E10.RAW	DIA_20260306_ BiAK_2026_BiAK_1_E10.RAW	NT=Data-Independent Acquisition;AC=NCIT:C161843	AC=MS:1002038;NT=label free sample	1	NT=High-performance liquid chromatography;AC=PRIDE:0000565	1	AC=MS:1001251;NT=Trypsin	not available	NT=Q Exactive HF;AC=MS:1002523	NT=Carbamidomethyl;AC=UNIMOD:4;TA=C;MT=Fixed	NT=Higher-energy Collisional Dissociation;AC=MS:1000422	27 NCE	40 ppm	0.05 Da	400-1250 m/z	100-2000 m/z	E
DIA_20260306_ BiAK_2026_BiAK_1_E11	E	11	BiAK_1	59	RE11	2	C:\Xcalibur\methods\Khue\DIA_350to1000_10mz_40min_1to32_700nLmin_60C_2kV_2uL	D:\data\Chus	DIA_20260306_ BiAK_2026_BiAK_1_E11	Homo sapiens	blood plasma	BiAK_1	 BiAK_2026	not available	not available	not available	not available	not available	not available	B90b	PE	BIAK_1-0080	Plate_1_E11	not available	not available	1	AC=EFO:0009656;NT=plasma	run 59	proteomic profiling by mass spectrometry	DIA_20260306_ BiAK_2026_BiAK_1_E11.RAW	DIA_20260306_ BiAK_2026_BiAK_1_E11.RAW	NT=Data-Independent Acquisition;AC=NCIT:C161844	AC=MS:1002038;NT=label free sample	1	NT=High-performance liquid chromatography;AC=PRIDE:0000565	1	AC=MS:1001251;NT=Trypsin	not available	NT=Q Exactive HF;AC=MS:1002523	NT=Carbamidomethyl;AC=UNIMOD:4;TA=C;MT=Fixed	NT=Higher-energy Collisional Dissociation;AC=MS:1000422	27 NCE	40 ppm	0.05 Da	400-1250 m/z	100-2000 m/z	E
DIA_20260306_ BiAK_2026_BiAK_1_E12	E	12	BiAK_1	60	RE12	2	C:\Xcalibur\methods\Khue\DIA_350to1000_10mz_40min_1to32_700nLmin_60C_2kV_2uL	D:\data\Chus	DIA_20260306_ BiAK_2026_BiAK_1_E12	Homo sapiens	blood plasma	BiAK_1	 BiAK_2026	not available	not available	not available	not available	not available	not available	B7c	LF	BIAK_1-0088	Plate_1_E12	not available	not available	1	AC=EFO:0009656;NT=plasma	run 60	proteomic profiling by mass spectrometry	DIA_20260306_ BiAK_2026_BiAK_1_E12.RAW	DIA_20260306_ BiAK_2026_BiAK_1_E12.RAW	NT=Data-Independent Acquisition;AC=NCIT:C161845	AC=MS:1002038;NT=label free sample	1	NT=High-performance liquid chromatography;AC=PRIDE:0000565	1	AC=MS:1001251;NT=Trypsin	not available	NT=Q Exactive HF;AC=MS:1002523	NT=Carbamidomethyl;AC=UNIMOD:4;TA=C;MT=Fixed	NT=Higher-energy Collisional Dissociation;AC=MS:1000422	27 NCE	40 ppm	0.05 Da	400-1250 m/z	100-2000 m/z	E
DIA_20260306_ BiAK_2026_BiAK_1_F1	F	1	BiAK_1	61	RF1	2	C:\Xcalibur\methods\Khue\DIA_350to1000_10mz_40min_1to32_700nLmin_60C_2kV_2uL	D:\data\Chus	DIA_20260306_ BiAK_2026_BiAK_1_F1	Homo sapiens	blood plasma	BiAK_1	 BiAK_2026	not available	not available	not available	not available	not available	not available	B107d	LE	BIAK_1-0006	Plate_1_F1	not available	not available	1	AC=EFO:0009656;NT=plasma	run 61	proteomic profiling by mass spectrometry	DIA_20260306_ BiAK_2026_BiAK_1_F1.RAW	DIA_20260306_ BiAK_2026_BiAK_1_F1.RAW	NT=Data-Independent Acquisition;AC=NCIT:C161846	AC=MS:1002038;NT=label free sample	1	NT=High-performance liquid chromatography;AC=PRIDE:0000565	1	AC=MS:1001251;NT=Trypsin	not available	NT=Q Exactive HF;AC=MS:1002523	NT=Carbamidomethyl;AC=UNIMOD:4;TA=C;MT=Fixed	NT=Higher-energy Collisional Dissociation;AC=MS:1000422	27 NCE	40 ppm	0.05 Da	400-1250 m/z	100-2000 m/z	F
DIA_20260306_ BiAK_2026_BiAK_1_F2	F	2	BiAK_1	62	RF2	2	C:\Xcalibur\methods\Khue\DIA_350to1000_10mz_40min_1to32_700nLmin_60C_2kV_2uL	D:\data\Chus	DIA_20260306_ BiAK_2026_BiAK_1_F2	Homo sapiens	blood plasma	BiAK_1	 BiAK_2026	not available	not available	not available	not available	not available	not available	K475	Control	BIAK_1-0013	Plate_1_F2	not available	not available	1	AC=EFO:0009656;NT=plasma	run 62	proteomic profiling by mass spectrometry	DIA_20260306_ BiAK_2026_BiAK_1_F2.RAW	DIA_20260306_ BiAK_2026_BiAK_1_F2.RAW	NT=Data-Independent Acquisition;AC=NCIT:C161847	AC=MS:1002038;NT=label free sample	1	NT=High-performance liquid chromatography;AC=PRIDE:0000565	1	AC=MS:1001251;NT=Trypsin	not available	NT=Q Exactive HF;AC=MS:1002523	NT=Carbamidomethyl;AC=UNIMOD:4;TA=C;MT=Fixed	NT=Higher-energy Collisional Dissociation;AC=MS:1000422	27 NCE	40 ppm	0.05 Da	400-1250 m/z	100-2000 m/z	F
DIA_20260306_ BiAK_2026_BiAK_1_F3	F	3	BiAK_1	63	RF3	2	C:\Xcalibur\methods\Khue\DIA_350to1000_10mz_40min_1to32_700nLmin_60C_2kV_2uL	D:\data\Chus	DIA_20260306_ BiAK_2026_BiAK_1_F3	Homo sapiens	blood plasma	BiAK_1	 BiAK_2026	not available	not available	not available	not available	not available	not available	B7a	PF	BIAK_1-0021	Plate_1_F3	not available	not available	1	AC=EFO:0009656;NT=plasma	run 63	proteomic profiling by mass spectrometry	DIA_20260306_ BiAK_2026_BiAK_1_F3.RAW	DIA_20260306_ BiAK_2026_BiAK_1_F3.RAW	NT=Data-Independent Acquisition;AC=NCIT:C161848	AC=MS:1002038;NT=label free sample	1	NT=High-performance liquid chromatography;AC=PRIDE:0000565	1	AC=MS:1001251;NT=Trypsin	not available	NT=Q Exactive HF;AC=MS:1002523	NT=Carbamidomethyl;AC=UNIMOD:4;TA=C;MT=Fixed	NT=Higher-energy Collisional Dissociation;AC=MS:1000422	27 NCE	40 ppm	0.05 Da	400-1250 m/z	100-2000 m/z	F
DIA_20260306_ BiAK_2026_BiAK_1_F4	F	4	BiAK_1	64	RF4	2	C:\Xcalibur\methods\Khue\DIA_350to1000_10mz_40min_1to32_700nLmin_60C_2kV_2uL	D:\data\Chus	DIA_20260306_ BiAK_2026_BiAK_1_F4	Homo sapiens	blood plasma	BiAK_1	 BiAK_2026	not available	not available	not available	not available	not available	not available	B32b	PE	BIAK_1-0029	Plate_1_F4	not available	not available	1	AC=EFO:0009656;NT=plasma	run 64	proteomic profiling by mass spectrometry	DIA_20260306_ BiAK_2026_BiAK_1_F4.RAW	DIA_20260306_ BiAK_2026_BiAK_1_F4.RAW	NT=Data-Independent Acquisition;AC=NCIT:C161849	AC=MS:1002038;NT=label free sample	1	NT=High-performance liquid chromatography;AC=PRIDE:0000565	1	AC=MS:1001251;NT=Trypsin	not available	NT=Q Exactive HF;AC=MS:1002523	NT=Carbamidomethyl;AC=UNIMOD:4;TA=C;MT=Fixed	NT=Higher-energy Collisional Dissociation;AC=MS:1000422	27 NCE	40 ppm	0.05 Da	400-1250 m/z	100-2000 m/z	F
DIA_20260306_ BiAK_2026_BiAK_1_F5	F	5	BiAK_1	65	RF5	2	C:\Xcalibur\methods\Khue\DIA_350to1000_10mz_40min_1to32_700nLmin_60C_2kV_2uL	D:\data\Chus	DIA_20260306_ BiAK_2026_BiAK_1_F5	Homo sapiens	blood plasma	BiAK_1	 BiAK_2026	not available	not available	not available	not available	not available	not available	B1c	LF	BIAK_1-0036	Plate_1_F5	not available	not available	1	AC=EFO:0009656;NT=plasma	run 65	proteomic profiling by mass spectrometry	DIA_20260306_ BiAK_2026_BiAK_1_F5.RAW	DIA_20260306_ BiAK_2026_BiAK_1_F5.RAW	NT=Data-Independent Acquisition;AC=NCIT:C161850	AC=MS:1002038;NT=label free sample	1	NT=High-performance liquid chromatography;AC=PRIDE:0000565	1	AC=MS:1001251;NT=Trypsin	not available	NT=Q Exactive HF;AC=MS:1002523	NT=Carbamidomethyl;AC=UNIMOD:4;TA=C;MT=Fixed	NT=Higher-energy Collisional Dissociation;AC=MS:1000422	27 NCE	40 ppm	0.05 Da	400-1250 m/z	100-2000 m/z	F
DIA_20260306_ BiAK_2026_BiAK_1_F6	F	6	BiAK_1	66	RF6	2	C:\Xcalibur\methods\Khue\DIA_350to1000_10mz_40min_1to32_700nLmin_60C_2kV_2uL	D:\data\Chus	DIA_20260306_ BiAK_2026_BiAK_1_F6	Homo sapiens	blood plasma	BiAK_1	 BiAK_2026	not available	not available	not available	not available	not available	not available	B107b	PE	BIAK_1-0044	Plate_1_F6	not available	not available	1	AC=EFO:0009656;NT=plasma	run 66	proteomic profiling by mass spectrometry	DIA_20260306_ BiAK_2026_BiAK_1_F6.RAW	DIA_20260306_ BiAK_2026_BiAK_1_F6.RAW	NT=Data-Independent Acquisition;AC=NCIT:C161851	AC=MS:1002038;NT=label free sample	1	NT=High-performance liquid chromatography;AC=PRIDE:0000565	1	AC=MS:1001251;NT=Trypsin	not available	NT=Q Exactive HF;AC=MS:1002523	NT=Carbamidomethyl;AC=UNIMOD:4;TA=C;MT=Fixed	NT=Higher-energy Collisional Dissociation;AC=MS:1000422	27 NCE	40 ppm	0.05 Da	400-1250 m/z	100-2000 m/z	F
DIA_20260306_ BiAK_2026_BiAK_1_F7	F	7	BiAK_1	67	RF7	2	C:\Xcalibur\methods\Khue\DIA_350to1000_10mz_40min_1to32_700nLmin_60C_2kV_2uL	D:\data\Chus	DIA_20260306_ BiAK_2026_BiAK_1_F7	Homo sapiens	blood plasma	BiAK_1	 BiAK_2026	not available	not available	not available	not available	not available	not available	B36c	LF	BIAK_1-0051	Plate_1_F7	not available	not available	1	AC=EFO:0009656;NT=plasma	run 67	proteomic profiling by mass spectrometry	DIA_20260306_ BiAK_2026_BiAK_1_F7.RAW	DIA_20260306_ BiAK_2026_BiAK_1_F7.RAW	NT=Data-Independent Acquisition;AC=NCIT:C161852	AC=MS:1002038;NT=label free sample	1	NT=High-performance liquid chromatography;AC=PRIDE:0000565	1	AC=MS:1001251;NT=Trypsin	not available	NT=Q Exactive HF;AC=MS:1002523	NT=Carbamidomethyl;AC=UNIMOD:4;TA=C;MT=Fixed	NT=Higher-energy Collisional Dissociation;AC=MS:1000422	27 NCE	40 ppm	0.05 Da	400-1250 m/z	100-2000 m/z	F
DIA_20260306_ BiAK_2026_BiAK_1_F8	F	8	BiAK_1	68	RF8	2	C:\Xcalibur\methods\Khue\DIA_350to1000_10mz_40min_1to32_700nLmin_60C_2kV_2uL	D:\data\Chus	DIA_20260306_ BiAK_2026_BiAK_1_F8	Homo sapiens	blood plasma	BiAK_1	 BiAK_2026	not available	not available	not available	not available	not available	not available	B36d	LE	BIAK_1-0059	Plate_1_F8	not available	not available	1	AC=EFO:0009656;NT=plasma	run 68	proteomic profiling by mass spectrometry	DIA_20260306_ BiAK_2026_BiAK_1_F8.RAW	DIA_20260306_ BiAK_2026_BiAK_1_F8.RAW	NT=Data-Independent Acquisition;AC=NCIT:C161853	AC=MS:1002038;NT=label free sample	1	NT=High-performance liquid chromatography;AC=PRIDE:0000565	1	AC=MS:1001251;NT=Trypsin	not available	NT=Q Exactive HF;AC=MS:1002523	NT=Carbamidomethyl;AC=UNIMOD:4;TA=C;MT=Fixed	NT=Higher-energy Collisional Dissociation;AC=MS:1000422	27 NCE	40 ppm	0.05 Da	400-1250 m/z	100-2000 m/z	F
DIA_20260306_ BiAK_2026_BiAK_1_F9	F	9	BiAK_1	69	RF9	2	C:\Xcalibur\methods\Khue\DIA_350to1000_10mz_40min_1to32_700nLmin_60C_2kV_2uL	D:\data\Chus	DIA_20260306_ BiAK_2026_BiAK_1_F9	Homo sapiens	blood plasma	BiAK_1	 BiAK_2026	not available	not available	not available	not available	not available	not available	K434	Control	BIAK_1-0065	Plate_1_F9	not available	not available	1	AC=EFO:0009656;NT=plasma	run 69	proteomic profiling by mass spectrometry	DIA_20260306_ BiAK_2026_BiAK_1_F9.RAW	DIA_20260306_ BiAK_2026_BiAK_1_F9.RAW	NT=Data-Independent Acquisition;AC=NCIT:C161854	AC=MS:1002038;NT=label free sample	1	NT=High-performance liquid chromatography;AC=PRIDE:0000565	1	AC=MS:1001251;NT=Trypsin	not available	NT=Q Exactive HF;AC=MS:1002523	NT=Carbamidomethyl;AC=UNIMOD:4;TA=C;MT=Fixed	NT=Higher-energy Collisional Dissociation;AC=MS:1000422	27 NCE	40 ppm	0.05 Da	400-1250 m/z	100-2000 m/z	F
DIA_20260306_ BiAK_2026_BiAK_1_F10	F	10	BiAK_1	70	RF10	2	C:\Xcalibur\methods\Khue\DIA_350to1000_10mz_40min_1to32_700nLmin_60C_2kV_2uL	D:\data\Chus	DIA_20260306_ BiAK_2026_BiAK_1_F10	Homo sapiens	blood plasma	BiAK_1	 BiAK_2026	not available	not available	not available	not available	not available	not available	B87d	LE	BIAK_1-0073	Plate_1_F10	not available	not available	1	AC=EFO:0009656;NT=plasma	run 70	proteomic profiling by mass spectrometry	DIA_20260306_ BiAK_2026_BiAK_1_F10.RAW	DIA_20260306_ BiAK_2026_BiAK_1_F10.RAW	NT=Data-Independent Acquisition;AC=NCIT:C161855	AC=MS:1002038;NT=label free sample	1	NT=High-performance liquid chromatography;AC=PRIDE:0000565	1	AC=MS:1001251;NT=Trypsin	not available	NT=Q Exactive HF;AC=MS:1002523	NT=Carbamidomethyl;AC=UNIMOD:4;TA=C;MT=Fixed	NT=Higher-energy Collisional Dissociation;AC=MS:1000422	27 NCE	40 ppm	0.05 Da	400-1250 m/z	100-2000 m/z	F
DIA_20260306_ BiAK_2026_BiAK_1_F11	F	11	BiAK_1	71	RF11	2	C:\Xcalibur\methods\Khue\DIA_350to1000_10mz_40min_1to32_700nLmin_60C_2kV_2uL	D:\data\Chus	DIA_20260306_ BiAK_2026_BiAK_1_F11	Homo sapiens	blood plasma	BiAK_1	 BiAK_2026	not available	not available	not available	not available	not available	not available	B33b	PE	BIAK_1-0081	Plate_1_F11	not available	not available	1	AC=EFO:0009656;NT=plasma	run 71	proteomic profiling by mass spectrometry	DIA_20260306_ BiAK_2026_BiAK_1_F11.RAW	DIA_20260306_ BiAK_2026_BiAK_1_F11.RAW	NT=Data-Independent Acquisition;AC=NCIT:C161856	AC=MS:1002038;NT=label free sample	1	NT=High-performance liquid chromatography;AC=PRIDE:0000565	1	AC=MS:1001251;NT=Trypsin	not available	NT=Q Exactive HF;AC=MS:1002523	NT=Carbamidomethyl;AC=UNIMOD:4;TA=C;MT=Fixed	NT=Higher-energy Collisional Dissociation;AC=MS:1000422	27 NCE	40 ppm	0.05 Da	400-1250 m/z	100-2000 m/z	F
DIA_20260306_ BiAK_2026_BiAK_1_F12	F	12	BiAK_1	72	RF12	2	C:\Xcalibur\methods\Khue\DIA_350to1000_10mz_40min_1to32_700nLmin_60C_2kV_2uL	D:\data\Chus	DIA_20260306_ BiAK_2026_BiAK_1_F12	Homo sapiens	blood plasma	BiAK_1	 BiAK_2026	not available	not available	not available	not available	not available	not available	B78d	LE	BIAK_1-0089	Plate_1_F12	not available	not available	1	AC=EFO:0009656;NT=plasma	run 72	proteomic profiling by mass spectrometry	DIA_20260306_ BiAK_2026_BiAK_1_F12.RAW	DIA_20260306_ BiAK_2026_BiAK_1_F12.RAW	NT=Data-Independent Acquisition;AC=NCIT:C161857	AC=MS:1002038;NT=label free sample	1	NT=High-performance liquid chromatography;AC=PRIDE:0000565	1	AC=MS:1001251;NT=Trypsin	not available	NT=Q Exactive HF;AC=MS:1002523	NT=Carbamidomethyl;AC=UNIMOD:4;TA=C;MT=Fixed	NT=Higher-energy Collisional Dissociation;AC=MS:1000422	27 NCE	40 ppm	0.05 Da	400-1250 m/z	100-2000 m/z	F
DIA_20260306_ BiAK_2026_BiAK_1_G1	G	1	BiAK_1	73	RG1	2	C:\Xcalibur\methods\Khue\DIA_350to1000_10mz_40min_1to32_700nLmin_60C_2kV_2uL	D:\data\Chus	DIA_20260306_ BiAK_2026_BiAK_1_G1	Homo sapiens	blood plasma	BiAK_1	 BiAK_2026	not available	not available	not available	not available	not available	not available	B78c	LF	BIAK_1-0007	Plate_1_G1	not available	not available	1	AC=EFO:0009656;NT=plasma	run 73	proteomic profiling by mass spectrometry	DIA_20260306_ BiAK_2026_BiAK_1_G1.RAW	DIA_20260306_ BiAK_2026_BiAK_1_G1.RAW	NT=Data-Independent Acquisition;AC=NCIT:C161858	AC=MS:1002038;NT=label free sample	1	NT=High-performance liquid chromatography;AC=PRIDE:0000565	1	AC=MS:1001251;NT=Trypsin	not available	NT=Q Exactive HF;AC=MS:1002523	NT=Carbamidomethyl;AC=UNIMOD:4;TA=C;MT=Fixed	NT=Higher-energy Collisional Dissociation;AC=MS:1000422	27 NCE	40 ppm	0.05 Da	400-1250 m/z	100-2000 m/z	G
DIA_20260306_ BiAK_2026_BiAK_1_G2	G	2	BiAK_1	74	RG2	2	C:\Xcalibur\methods\Khue\DIA_350to1000_10mz_40min_1to32_700nLmin_60C_2kV_2uL	D:\data\Chus	DIA_20260306_ BiAK_2026_BiAK_1_G2	Homo sapiens	blood plasma	BiAK_1	 BiAK_2026	not available	not available	not available	not available	not available	not available	B33c	LF	BIAK_1-0014	Plate_1_G2	not available	not available	1	AC=EFO:0009656;NT=plasma	run 74	proteomic profiling by mass spectrometry	DIA_20260306_ BiAK_2026_BiAK_1_G2.RAW	DIA_20260306_ BiAK_2026_BiAK_1_G2.RAW	NT=Data-Independent Acquisition;AC=NCIT:C161859	AC=MS:1002038;NT=label free sample	1	NT=High-performance liquid chromatography;AC=PRIDE:0000565	1	AC=MS:1001251;NT=Trypsin	not available	NT=Q Exactive HF;AC=MS:1002523	NT=Carbamidomethyl;AC=UNIMOD:4;TA=C;MT=Fixed	NT=Higher-energy Collisional Dissociation;AC=MS:1000422	27 NCE	40 ppm	0.05 Da	400-1250 m/z	100-2000 m/z	G
DIA_20260306_ BiAK_2026_BiAK_1_G3	G	3	BiAK_1	75	RG3	2	C:\Xcalibur\methods\Khue\DIA_350to1000_10mz_40min_1to32_700nLmin_60C_2kV_2uL	D:\data\Chus	DIA_20260306_ BiAK_2026_BiAK_1_G3	Homo sapiens	blood plasma	BiAK_1	 BiAK_2026	not available	not available	not available	not available	not available	not available	B107a	PF	BIAK_1-0022	Plate_1_G3	not available	not available	1	AC=EFO:0009656;NT=plasma	run 75	proteomic profiling by mass spectrometry	DIA_20260306_ BiAK_2026_BiAK_1_G3.RAW	DIA_20260306_ BiAK_2026_BiAK_1_G3.RAW	NT=Data-Independent Acquisition;AC=NCIT:C161860	AC=MS:1002038;NT=label free sample	1	NT=High-performance liquid chromatography;AC=PRIDE:0000565	1	AC=MS:1001251;NT=Trypsin	not available	NT=Q Exactive HF;AC=MS:1002523	NT=Carbamidomethyl;AC=UNIMOD:4;TA=C;MT=Fixed	NT=Higher-energy Collisional Dissociation;AC=MS:1000422	27 NCE	40 ppm	0.05 Da	400-1250 m/z	100-2000 m/z	G
DIA_20260306_ BiAK_2026_BiAK_1_G4	G	4	BiAK_1	76	RG4	2	C:\Xcalibur\methods\Khue\DIA_350to1000_10mz_40min_1to32_700nLmin_60C_2kV_2uL	D:\data\Chus	DIA_20260306_ BiAK_2026_BiAK_1_G4	Homo sapiens	blood plasma	BiAK_1	 BiAK_2026	not available	not available	not available	not available	not available	not available	B6c	LF	BIAK_1-0030	Plate_1_G4	not available	not available	1	AC=EFO:0009656;NT=plasma	run 76	proteomic profiling by mass spectrometry	DIA_20260306_ BiAK_2026_BiAK_1_G4.RAW	DIA_20260306_ BiAK_2026_BiAK_1_G4.RAW	NT=Data-Independent Acquisition;AC=NCIT:C161861	AC=MS:1002038;NT=label free sample	1	NT=High-performance liquid chromatography;AC=PRIDE:0000565	1	AC=MS:1001251;NT=Trypsin	not available	NT=Q Exactive HF;AC=MS:1002523	NT=Carbamidomethyl;AC=UNIMOD:4;TA=C;MT=Fixed	NT=Higher-energy Collisional Dissociation;AC=MS:1000422	27 NCE	40 ppm	0.05 Da	400-1250 m/z	100-2000 m/z	G
DIA_20260306_ BiAK_2026_BiAK_1_G5	G	5	BiAK_1	77	RG5	2	C:\Xcalibur\methods\Khue\DIA_350to1000_10mz_40min_1to32_700nLmin_60C_2kV_2uL	D:\data\Chus	DIA_20260306_ BiAK_2026_BiAK_1_G5	Homo sapiens	blood plasma	BiAK_1	 BiAK_2026	not available	not available	not available	not available	not available	not available	B33a	PF	BIAK_1-0037	Plate_1_G5	not available	not available	1	AC=EFO:0009656;NT=plasma	run 77	proteomic profiling by mass spectrometry	DIA_20260306_ BiAK_2026_BiAK_1_G5.RAW	DIA_20260306_ BiAK_2026_BiAK_1_G5.RAW	NT=Data-Independent Acquisition;AC=NCIT:C161862	AC=MS:1002038;NT=label free sample	1	NT=High-performance liquid chromatography;AC=PRIDE:0000565	1	AC=MS:1001251;NT=Trypsin	not available	NT=Q Exactive HF;AC=MS:1002523	NT=Carbamidomethyl;AC=UNIMOD:4;TA=C;MT=Fixed	NT=Higher-energy Collisional Dissociation;AC=MS:1000422	27 NCE	40 ppm	0.05 Da	400-1250 m/z	100-2000 m/z	G
DIA_20260306_ BiAK_2026_BiAK_1_G6	G	6	Pool	78	RG6	2	C:\Xcalibur\methods\Khue\DIA_350to1000_10mz_40min_1to32_700nLmin_60C_2kV_2uL	D:\data\Chus	DIA_20260306_ BiAK_2026_BiAK_1_G6	Homo sapiens	blood plasma	BiAK_1	 BiAK_2026	not available	not available	not available	not available	not available	not available	POOL	POOL	QC_PLS-0002	Plate_1_G6	not available	not available	1	AC=EFO:0009656;NT=plasma	run 78	proteomic profiling by mass spectrometry	DIA_20260306_ BiAK_2026_BiAK_1_G6.RAW	DIA_20260306_ BiAK_2026_BiAK_1_G6.RAW	NT=Data-Independent Acquisition;AC=NCIT:C161863	AC=MS:1002038;NT=label free sample	1	NT=High-performance liquid chromatography;AC=PRIDE:0000565	1	AC=MS:1001251;NT=Trypsin	not available	NT=Q Exactive HF;AC=MS:1002523	NT=Carbamidomethyl;AC=UNIMOD:4;TA=C;MT=Fixed	NT=Higher-energy Collisional Dissociation;AC=MS:1000422	27 NCE	40 ppm	0.05 Da	400-1250 m/z	100-2000 m/z	G
DIA_20260306_ BiAK_2026_BiAK_1_G7	G	7	BiAK_1	79	RG7	2	C:\Xcalibur\methods\Khue\DIA_350to1000_10mz_40min_1to32_700nLmin_60C_2kV_2uL	D:\data\Chus	DIA_20260306_ BiAK_2026_BiAK_1_G7	Homo sapiens	blood plasma	BiAK_1	 BiAK_2026	not available	not available	not available	not available	not available	not available	B92b	PE	BIAK_1-0052	Plate_1_G7	not available	not available	1	AC=EFO:0009656;NT=plasma	run 79	proteomic profiling by mass spectrometry	DIA_20260306_ BiAK_2026_BiAK_1_G7.RAW	DIA_20260306_ BiAK_2026_BiAK_1_G7.RAW	NT=Data-Independent Acquisition;AC=NCIT:C161864	AC=MS:1002038;NT=label free sample	1	NT=High-performance liquid chromatography;AC=PRIDE:0000565	1	AC=MS:1001251;NT=Trypsin	not available	NT=Q Exactive HF;AC=MS:1002523	NT=Carbamidomethyl;AC=UNIMOD:4;TA=C;MT=Fixed	NT=Higher-energy Collisional Dissociation;AC=MS:1000422	27 NCE	40 ppm	0.05 Da	400-1250 m/z	100-2000 m/z	G
DIA_20260306_ BiAK_2026_BiAK_1_G8	G	8	Pool	80	RG8	2	C:\Xcalibur\methods\Khue\DIA_350to1000_10mz_40min_1to32_700nLmin_60C_2kV_2uL	D:\data\Chus	DIA_20260306_ BiAK_2026_BiAK_1_G8	Homo sapiens	blood plasma	BiAK_1	 BiAK_2026	not available	not available	not available	not available	not available	not available	POOL	POOL	QC_PLS-0002	Plate_1_G8	not available	not available	1	AC=EFO:0009656;NT=plasma	run 80	proteomic profiling by mass spectrometry	DIA_20260306_ BiAK_2026_BiAK_1_G8.RAW	DIA_20260306_ BiAK_2026_BiAK_1_G8.RAW	NT=Data-Independent Acquisition;AC=NCIT:C161865	AC=MS:1002038;NT=label free sample	1	NT=High-performance liquid chromatography;AC=PRIDE:0000565	1	AC=MS:1001251;NT=Trypsin	not available	NT=Q Exactive HF;AC=MS:1002523	NT=Carbamidomethyl;AC=UNIMOD:4;TA=C;MT=Fixed	NT=Higher-energy Collisional Dissociation;AC=MS:1000422	27 NCE	40 ppm	0.05 Da	400-1250 m/z	100-2000 m/z	G
DIA_20260306_ BiAK_2026_BiAK_1_G9	G	9	BiAK_1	81	RG9	2	C:\Xcalibur\methods\Khue\DIA_350to1000_10mz_40min_1to32_700nLmin_60C_2kV_2uL	D:\data\Chus	DIA_20260306_ BiAK_2026_BiAK_1_G9	Homo sapiens	blood plasma	BiAK_1	 BiAK_2026	not available	not available	not available	not available	not available	not available	B19a	PF	BIAK_1-0066	Plate_1_G9	not available	not available	1	AC=EFO:0009656;NT=plasma	run 81	proteomic profiling by mass spectrometry	DIA_20260306_ BiAK_2026_BiAK_1_G9.RAW	DIA_20260306_ BiAK_2026_BiAK_1_G9.RAW	NT=Data-Independent Acquisition;AC=NCIT:C161866	AC=MS:1002038;NT=label free sample	1	NT=High-performance liquid chromatography;AC=PRIDE:0000565	1	AC=MS:1001251;NT=Trypsin	not available	NT=Q Exactive HF;AC=MS:1002523	NT=Carbamidomethyl;AC=UNIMOD:4;TA=C;MT=Fixed	NT=Higher-energy Collisional Dissociation;AC=MS:1000422	27 NCE	40 ppm	0.05 Da	400-1250 m/z	100-2000 m/z	G
DIA_20260306_ BiAK_2026_BiAK_1_G10	G	10	BiAK_1	82	RG10	2	C:\Xcalibur\methods\Khue\DIA_350to1000_10mz_40min_1to32_700nLmin_60C_2kV_2uL	D:\data\Chus	DIA_20260306_ BiAK_2026_BiAK_1_G10	Homo sapiens	blood plasma	BiAK_1	 BiAK_2026	not available	not available	not available	not available	not available	not available	B32d	LE	BIAK_1-0074	Plate_1_G10	not available	not available	1	AC=EFO:0009656;NT=plasma	run 82	proteomic profiling by mass spectrometry	DIA_20260306_ BiAK_2026_BiAK_1_G10.RAW	DIA_20260306_ BiAK_2026_BiAK_1_G10.RAW	NT=Data-Independent Acquisition;AC=NCIT:C161867	AC=MS:1002038;NT=label free sample	1	NT=High-performance liquid chromatography;AC=PRIDE:0000565	1	AC=MS:1001251;NT=Trypsin	not available	NT=Q Exactive HF;AC=MS:1002523	NT=Carbamidomethyl;AC=UNIMOD:4;TA=C;MT=Fixed	NT=Higher-energy Collisional Dissociation;AC=MS:1000422	27 NCE	40 ppm	0.05 Da	400-1250 m/z	100-2000 m/z	G
DIA_20260306_ BiAK_2026_BiAK_1_G11	G	11	BiAK_1	83	RG11	2	C:\Xcalibur\methods\Khue\DIA_350to1000_10mz_40min_1to32_700nLmin_60C_2kV_2uL	D:\data\Chus	DIA_20260306_ BiAK_2026_BiAK_1_G11	Homo sapiens	blood plasma	BiAK_1	 BiAK_2026	not available	not available	not available	not available	not available	not available	K70	Control	BIAK_1-0082	Plate_1_G11	not available	not available	1	AC=EFO:0009656;NT=plasma	run 83	proteomic profiling by mass spectrometry	DIA_20260306_ BiAK_2026_BiAK_1_G11.RAW	DIA_20260306_ BiAK_2026_BiAK_1_G11.RAW	NT=Data-Independent Acquisition;AC=NCIT:C161868	AC=MS:1002038;NT=label free sample	1	NT=High-performance liquid chromatography;AC=PRIDE:0000565	1	AC=MS:1001251;NT=Trypsin	not available	NT=Q Exactive HF;AC=MS:1002523	NT=Carbamidomethyl;AC=UNIMOD:4;TA=C;MT=Fixed	NT=Higher-energy Collisional Dissociation;AC=MS:1000422	27 NCE	40 ppm	0.05 Da	400-1250 m/z	100-2000 m/z	G
DIA_20260306_ BiAK_2026_BiAK_1_G12	G	12	Pool	84	RG12	2	C:\Xcalibur\methods\Khue\DIA_350to1000_10mz_40min_1to32_700nLmin_60C_2kV_2uL	D:\data\Chus	DIA_20260306_ BiAK_2026_BiAK_1_G12	Homo sapiens	blood plasma	BiAK_1	 BiAK_2026	not available	not available	not available	not available	not available	not available	POOL	POOL	QC_PLS-0002	Plate_1_G12	not available	not available	1	AC=EFO:0009656;NT=plasma	run 84	proteomic profiling by mass spectrometry	DIA_20260306_ BiAK_2026_BiAK_1_G12.RAW	DIA_20260306_ BiAK_2026_BiAK_1_G12.RAW	NT=Data-Independent Acquisition;AC=NCIT:C161869	AC=MS:1002038;NT=label free sample	1	NT=High-performance liquid chromatography;AC=PRIDE:0000565	1	AC=MS:1001251;NT=Trypsin	not available	NT=Q Exactive HF;AC=MS:1002523	NT=Carbamidomethyl;AC=UNIMOD:4;TA=C;MT=Fixed	NT=Higher-energy Collisional Dissociation;AC=MS:1000422	27 NCE	40 ppm	0.05 Da	400-1250 m/z	100-2000 m/z	G
DIA_20260306_ BiAK_2026_BiAK_1_H1	H	1	BiAK_1	85	RH1	2	C:\Xcalibur\methods\Khue\DIA_350to1000_10mz_40min_1to32_700nLmin_60C_2kV_2uL	D:\data\Chus	DIA_20260306_ BiAK_2026_BiAK_1_H1	Homo sapiens	blood plasma	BiAK_1	 BiAK_2026	not available	not available	not available	not available	not available	not available	B10c	LF	BIAK_1-0008	Plate_1_H1	not available	not available	1	AC=EFO:0009656;NT=plasma	run 85	proteomic profiling by mass spectrometry	DIA_20260306_ BiAK_2026_BiAK_1_H1.RAW	DIA_20260306_ BiAK_2026_BiAK_1_H1.RAW	NT=Data-Independent Acquisition;AC=NCIT:C161870	AC=MS:1002038;NT=label free sample	1	NT=High-performance liquid chromatography;AC=PRIDE:0000565	1	AC=MS:1001251;NT=Trypsin	not available	NT=Q Exactive HF;AC=MS:1002523	NT=Carbamidomethyl;AC=UNIMOD:4;TA=C;MT=Fixed	NT=Higher-energy Collisional Dissociation;AC=MS:1000422	27 NCE	40 ppm	0.05 Da	400-1250 m/z	100-2000 m/z	H
DIA_20260306_ BiAK_2026_BiAK_1_H2	H	2	BiAK_1	86	RH2	2	C:\Xcalibur\methods\Khue\DIA_350to1000_10mz_40min_1to32_700nLmin_60C_2kV_2uL	D:\data\Chus	DIA_20260306_ BiAK_2026_BiAK_1_H2	Homo sapiens	blood plasma	BiAK_1	 BiAK_2026	not available	not available	not available	not available	not available	not available	K266	Control	BIAK_1-0015	Plate_1_H2	not available	not available	1	AC=EFO:0009656;NT=plasma	run 86	proteomic profiling by mass spectrometry	DIA_20260306_ BiAK_2026_BiAK_1_H2.RAW	DIA_20260306_ BiAK_2026_BiAK_1_H2.RAW	NT=Data-Independent Acquisition;AC=NCIT:C161871	AC=MS:1002038;NT=label free sample	1	NT=High-performance liquid chromatography;AC=PRIDE:0000565	1	AC=MS:1001251;NT=Trypsin	not available	NT=Q Exactive HF;AC=MS:1002523	NT=Carbamidomethyl;AC=UNIMOD:4;TA=C;MT=Fixed	NT=Higher-energy Collisional Dissociation;AC=MS:1000422	27 NCE	40 ppm	0.05 Da	400-1250 m/z	100-2000 m/z	H
DIA_20260306_ BiAK_2026_BiAK_1_H3	H	3	BiAK_1	87	RH3	2	C:\Xcalibur\methods\Khue\DIA_350to1000_10mz_40min_1to32_700nLmin_60C_2kV_2uL	D:\data\Chus	DIA_20260306_ BiAK_2026_BiAK_1_H3	Homo sapiens	blood plasma	BiAK_1	 BiAK_2026	not available	not available	not available	not available	not available	not available	B66d	LE	BIAK_1-0023	Plate_1_H3	not available	not available	1	AC=EFO:0009656;NT=plasma	run 87	proteomic profiling by mass spectrometry	DIA_20260306_ BiAK_2026_BiAK_1_H3.RAW	DIA_20260306_ BiAK_2026_BiAK_1_H3.RAW	NT=Data-Independent Acquisition;AC=NCIT:C161872	AC=MS:1002038;NT=label free sample	1	NT=High-performance liquid chromatography;AC=PRIDE:0000565	1	AC=MS:1001251;NT=Trypsin	not available	NT=Q Exactive HF;AC=MS:1002523	NT=Carbamidomethyl;AC=UNIMOD:4;TA=C;MT=Fixed	NT=Higher-energy Collisional Dissociation;AC=MS:1000422	27 NCE	40 ppm	0.05 Da	400-1250 m/z	100-2000 m/z	H
DIA_20260306_ BiAK_2026_BiAK_1_H4	H	4	BiAK_1	88	RH4	2	C:\Xcalibur\methods\Khue\DIA_350to1000_10mz_40min_1to32_700nLmin_60C_2kV_2uL	D:\data\Chus	DIA_20260306_ BiAK_2026_BiAK_1_H4	Homo sapiens	blood plasma	BiAK_1	 BiAK_2026	not available	not available	not available	not available	not available	not available	B94d	LE	BIAK_1-0031	Plate_1_H4	not available	not available	1	AC=EFO:0009656;NT=plasma	run 88	proteomic profiling by mass spectrometry	DIA_20260306_ BiAK_2026_BiAK_1_H4.RAW	DIA_20260306_ BiAK_2026_BiAK_1_H4.RAW	NT=Data-Independent Acquisition;AC=NCIT:C161873	AC=MS:1002038;NT=label free sample	1	NT=High-performance liquid chromatography;AC=PRIDE:0000565	1	AC=MS:1001251;NT=Trypsin	not available	NT=Q Exactive HF;AC=MS:1002523	NT=Carbamidomethyl;AC=UNIMOD:4;TA=C;MT=Fixed	NT=Higher-energy Collisional Dissociation;AC=MS:1000422	27 NCE	40 ppm	0.05 Da	400-1250 m/z	100-2000 m/z	H
DIA_20260306_ BiAK_2026_BiAK_1_H5	H	5	BiAK_1	89	RH5	2	C:\Xcalibur\methods\Khue\DIA_350to1000_10mz_40min_1to32_700nLmin_60C_2kV_2uL	D:\data\Chus	DIA_20260306_ BiAK_2026_BiAK_1_H5	Homo sapiens	blood plasma	BiAK_1	 BiAK_2026	not available	not available	not available	not available	not available	not available	B99d	LE	BIAK_1-0038	Plate_1_H5	not available	not available	1	AC=EFO:0009656;NT=plasma	run 89	proteomic profiling by mass spectrometry	DIA_20260306_ BiAK_2026_BiAK_1_H5.RAW	DIA_20260306_ BiAK_2026_BiAK_1_H5.RAW	NT=Data-Independent Acquisition;AC=NCIT:C161874	AC=MS:1002038;NT=label free sample	1	NT=High-performance liquid chromatography;AC=PRIDE:0000565	1	AC=MS:1001251;NT=Trypsin	not available	NT=Q Exactive HF;AC=MS:1002523	NT=Carbamidomethyl;AC=UNIMOD:4;TA=C;MT=Fixed	NT=Higher-energy Collisional Dissociation;AC=MS:1000422	27 NCE	40 ppm	0.05 Da	400-1250 m/z	100-2000 m/z	H
DIA_20260306_ BiAK_2026_BiAK_1_H6	H	6	BiAK_1	90	RH6	2	C:\Xcalibur\methods\Khue\DIA_350to1000_10mz_40min_1to32_700nLmin_60C_2kV_2uL	D:\data\Chus	DIA_20260306_ BiAK_2026_BiAK_1_H6	Homo sapiens	blood plasma	BiAK_1	 BiAK_2026	not available	not available	not available	not available	not available	not available	B104c	LF	BIAK_1-0045	Plate_1_H6	not available	not available	1	AC=EFO:0009656;NT=plasma	run 90	proteomic profiling by mass spectrometry	DIA_20260306_ BiAK_2026_BiAK_1_H6.RAW	DIA_20260306_ BiAK_2026_BiAK_1_H6.RAW	NT=Data-Independent Acquisition;AC=NCIT:C161875	AC=MS:1002038;NT=label free sample	1	NT=High-performance liquid chromatography;AC=PRIDE:0000565	1	AC=MS:1001251;NT=Trypsin	not available	NT=Q Exactive HF;AC=MS:1002523	NT=Carbamidomethyl;AC=UNIMOD:4;TA=C;MT=Fixed	NT=Higher-energy Collisional Dissociation;AC=MS:1000422	27 NCE	40 ppm	0.05 Da	400-1250 m/z	100-2000 m/z	H
DIA_20260306_ BiAK_2026_BiAK_1_H7	H	7	BiAK_1	91	RH7	2	C:\Xcalibur\methods\Khue\DIA_350to1000_10mz_40min_1to32_700nLmin_60C_2kV_2uL	D:\data\Chus	DIA_20260306_ BiAK_2026_BiAK_1_H7	Homo sapiens	blood plasma	BiAK_1	 BiAK_2026	not available	not available	not available	not available	not available	not available	B87a	PF	BIAK_1-0053	Plate_1_H7	not available	not available	1	AC=EFO:0009656;NT=plasma	run 91	proteomic profiling by mass spectrometry	DIA_20260306_ BiAK_2026_BiAK_1_H7.RAW	DIA_20260306_ BiAK_2026_BiAK_1_H7.RAW	NT=Data-Independent Acquisition;AC=NCIT:C161876	AC=MS:1002038;NT=label free sample	1	NT=High-performance liquid chromatography;AC=PRIDE:0000565	1	AC=MS:1001251;NT=Trypsin	not available	NT=Q Exactive HF;AC=MS:1002523	NT=Carbamidomethyl;AC=UNIMOD:4;TA=C;MT=Fixed	NT=Higher-energy Collisional Dissociation;AC=MS:1000422	27 NCE	40 ppm	0.05 Da	400-1250 m/z	100-2000 m/z	H
DIA_20260306_ BiAK_2026_BiAK_1_H8	H	8	BiAK_1	92	RH8	2	C:\Xcalibur\methods\Khue\DIA_350to1000_10mz_40min_1to32_700nLmin_60C_2kV_2uL	D:\data\Chus	DIA_20260306_ BiAK_2026_BiAK_1_H8	Homo sapiens	blood plasma	BiAK_1	 BiAK_2026	not available	not available	not available	not available	not available	not available	B96c	LF	BIAK_1-0060	Plate_1_H8	not available	not available	1	AC=EFO:0009656;NT=plasma	run 92	proteomic profiling by mass spectrometry	DIA_20260306_ BiAK_2026_BiAK_1_H8.RAW	DIA_20260306_ BiAK_2026_BiAK_1_H8.RAW	NT=Data-Independent Acquisition;AC=NCIT:C161877	AC=MS:1002038;NT=label free sample	1	NT=High-performance liquid chromatography;AC=PRIDE:0000565	1	AC=MS:1001251;NT=Trypsin	not available	NT=Q Exactive HF;AC=MS:1002523	NT=Carbamidomethyl;AC=UNIMOD:4;TA=C;MT=Fixed	NT=Higher-energy Collisional Dissociation;AC=MS:1000422	27 NCE	40 ppm	0.05 Da	400-1250 m/z	100-2000 m/z	H
DIA_20260306_ BiAK_2026_BiAK_1_H9	H	9	BiAK_1	93	RH9	2	C:\Xcalibur\methods\Khue\DIA_350to1000_10mz_40min_1to32_700nLmin_60C_2kV_2uL	D:\data\Chus	DIA_20260306_ BiAK_2026_BiAK_1_H9	Homo sapiens	blood plasma	BiAK_1	 BiAK_2026	not available	not available	not available	not available	not available	not available	B78b	PE	BIAK_1-0067	Plate_1_H9	not available	not available	1	AC=EFO:0009656;NT=plasma	run 93	proteomic profiling by mass spectrometry	DIA_20260306_ BiAK_2026_BiAK_1_H9.RAW	DIA_20260306_ BiAK_2026_BiAK_1_H9.RAW	NT=Data-Independent Acquisition;AC=NCIT:C161878	AC=MS:1002038;NT=label free sample	1	NT=High-performance liquid chromatography;AC=PRIDE:0000565	1	AC=MS:1001251;NT=Trypsin	not available	NT=Q Exactive HF;AC=MS:1002523	NT=Carbamidomethyl;AC=UNIMOD:4;TA=C;MT=Fixed	NT=Higher-energy Collisional Dissociation;AC=MS:1000422	27 NCE	40 ppm	0.05 Da	400-1250 m/z	100-2000 m/z	H
DIA_20260306_ BiAK_2026_BiAK_1_H10	H	10	BiAK_1	94	RH10	2	C:\Xcalibur\methods\Khue\DIA_350to1000_10mz_40min_1to32_700nLmin_60C_2kV_2uL	D:\data\Chus	DIA_20260306_ BiAK_2026_BiAK_1_H10	Homo sapiens	blood plasma	BiAK_1	 BiAK_2026	not available	not available	not available	not available	not available	not available	B85d	LE	BIAK_1-0075	Plate_1_H10	not available	not available	1	AC=EFO:0009656;NT=plasma	run 94	proteomic profiling by mass spectrometry	DIA_20260306_ BiAK_2026_BiAK_1_H10.RAW	DIA_20260306_ BiAK_2026_BiAK_1_H10.RAW	NT=Data-Independent Acquisition;AC=NCIT:C161879	AC=MS:1002038;NT=label free sample	1	NT=High-performance liquid chromatography;AC=PRIDE:0000565	1	AC=MS:1001251;NT=Trypsin	not available	NT=Q Exactive HF;AC=MS:1002523	NT=Carbamidomethyl;AC=UNIMOD:4;TA=C;MT=Fixed	NT=Higher-energy Collisional Dissociation;AC=MS:1000422	27 NCE	40 ppm	0.05 Da	400-1250 m/z	100-2000 m/z	H
DIA_20260306_ BiAK_2026_BiAK_1_H11	H	11	BiAK_1	95	RH11	2	C:\Xcalibur\methods\Khue\DIA_350to1000_10mz_40min_1to32_700nLmin_60C_2kV_2uL	D:\data\Chus	DIA_20260306_ BiAK_2026_BiAK_1_H11	Homo sapiens	blood plasma	BiAK_1	 BiAK_2026	not available	not available	not available	not available	not available	not available	B88a	PF	BIAK_1-0083	Plate_1_H11	not available	not available	1	AC=EFO:0009656;NT=plasma	run 95	proteomic profiling by mass spectrometry	DIA_20260306_ BiAK_2026_BiAK_1_H11.RAW	DIA_20260306_ BiAK_2026_BiAK_1_H11.RAW	NT=Data-Independent Acquisition;AC=NCIT:C161880	AC=MS:1002038;NT=label free sample	1	NT=High-performance liquid chromatography;AC=PRIDE:0000565	1	AC=MS:1001251;NT=Trypsin	not available	NT=Q Exactive HF;AC=MS:1002523	NT=Carbamidomethyl;AC=UNIMOD:4;TA=C;MT=Fixed	NT=Higher-energy Collisional Dissociation;AC=MS:1000422	27 NCE	40 ppm	0.05 Da	400-1250 m/z	100-2000 m/z	H
DIA_20260306_ BiAK_2026_BiAK_1_H12	H	12	Pool	96	RH12	2	C:\Xcalibur\methods\Khue\DIA_350to1000_10mz_40min_1to32_700nLmin_60C_2kV_2uL	D:\data\Chus	DIA_20260306_ BiAK_2026_BiAK_1_H12	Homo sapiens	blood plasma	BiAK_1	 BiAK_2026	not available	not available	not available	not available	not available	not available	POOL	POOL	QC_PLS-0002	Plate_1_H12	not available	not available	1	AC=EFO:0009656;NT=plasma	run 96	proteomic profiling by mass spectrometry	DIA_20260306_ BiAK_2026_BiAK_1_H12.RAW	DIA_20260306_ BiAK_2026_BiAK_1_H12.RAW	NT=Data-Independent Acquisition;AC=NCIT:C161881	AC=MS:1002038;NT=label free sample	1	NT=High-performance liquid chromatography;AC=PRIDE:0000565	1	AC=MS:1001251;NT=Trypsin	not available	NT=Q Exactive HF;AC=MS:1002523	NT=Carbamidomethyl;AC=UNIMOD:4;TA=C;MT=Fixed	NT=Higher-energy Collisional Dissociation;AC=MS:1000422	27 NCE	40 ppm	0.05 Da	400-1250 m/z	100-2000 m/z	H
