Category,Tool,Input,Operations,Output
CLI,kardemumma-preview,Skyline CSV; SDRF `.tsv`; optional `--dotp` threshold,Import and validate files; detect QC samples; filter by library dot product; summarise peptide/protein counts; plot dot-product distribution and heavy/light scatter,"`report_summary.txt`, `skyline_raw.csv`, `sdrf.csv`, `peptide_counts_raw.csv`, `qc_samples.txt`, `dot_product_distribution.pdf`, `heavy_light_scatter.pdf`"
CLI,kardemumma-cutoff,"Skyline CSV; SDRF `.tsv`; cutoffs (`--dotp`, `--light-cutoff`, `--heavy-cutoff`, `--pool-value`, etc.)",QC removal; dot-product filter; peptide count filtering; merge Skyline with SDRF; pool CV analysis; select normalization peptides; compute plate conversion factors; batch-correct ratios by plate,"`skyline_merge_adj.csv`, `conversion_factors.csv`, `interplate_cv.csv`, pool/CV PDFs, `cutoff_params.json`"
CLI,kardemumma-report,Output directory from cutoff (contains `skyline_merge_adj.csv`); SDRF `.tsv` (qRePS lot in `comment[ProteomEdge]`),"Fetch qRePS table and FASTA from ProteomEdge; compute absolute protein concentrations; generate concentration, median, PCA, and UMAP plots","`qreps_table.csv`, `fasta.csv`, `abs_df.csv`, `protein_concentrations.pdf`, `protein_median_concentrations.pdf`, `pca.pdf`, `umap.pdf`"
CLI,kardemumma-ipynb,Skyline CSV; SDRF `.tsv`; `--group-a` / `--group-b` labels; optional analysis parameters,Scaffold a ratio-analysis Jupyter notebook (import → QC → merge → pool normalization → absolute quant → differential expression → enrichment),Pre-filled `.ipynb` notebook (default `ratio_analysis.ipynb`)
CLI,kardemumma-docs,Installed `kardemumma` source tree,Parse public API from `src/kardemumma`; render HTML function reference; optional PDF via headless Chrome,"`kardemumma_api.html`, `kardemumma_api.pdf`"
Import,ImportSkylineFile,"Skyline report CSV (required columns: Precursor, Replicate, File Name, Peptide Sequence, RatioLightToHeavy, Library Dot Product, …)",Validate column names and dtypes; load long-format transition table,pandas DataFrame (`skyline_data`)
Import,ImportSDRFFile,"Targeted SDRF `.tsv` (`source name`, `comment[data file]`, `characteristics[...]`, `factor value[...]`)",Load sample metadata; extract qRePS lot from `comment[ProteomEdge]`; suggest QC sample names,pandas DataFrame (`sdrf_data`); lot number string
Import,MergeFiles.merge_files,Skyline DataFrame; SDRF DataFrame; optional peptide allow-list,"Left-join Skyline `File Name` to SDRF `comment[data file]`; attach plate, sample, and factor columns",Merged long-format DataFrame (`skyline_merge`)
SDRF,validate_sdrf,SDRF `.tsv` file path,Run `parse_sdrf validate-sdrf` (sdrf-pipelines),"`(success: bool, message: str)`"
SDRF,readout_ms_type,SDRF `.tsv` file path,Read `comment[proteomics data acquisition method]` values,List of unique MS acquisition types
QC / filtering,filter_library_dot_product,Skyline long DataFrame; dot-product threshold,Keep rows above library dot product cutoff; drop missing areas; pivot to heavy/light wide format,Filtered pivoted DataFrame (`skyline_clean`)
QC / filtering,summarise_peptide_counts / filter_peptide_counts,Pivoted peptide table; light/heavy count cutoffs,Count detected light/heavy replicates per peptide; apply minimum count filters,Peptide count summary; filtered peptide allow-list
Normalization,calculate_intra_plate_cv / calculate_inter_plate_cv,Pool-sample merged DataFrame; plate column,Compute intra- and inter-plate %CV per peptide across pool replicates,Peptide-level CV statistics; inter-plate CV ranking
Normalization,get_plate_conversion_factors / adjust_ratio_by_plate,Pool peptides; plate labels; merged ratio table,Select low-CV normalization peptides; estimate per-plate conversion factors; adjust `RatioLightToHeavy`,Conversion factor dict; batch-corrected DataFrame (`skyline_merge_adj`)
Absolute quant,fetch_qreps_table / fetch_fasta,ProteomEdge lot number or lot URL (from SDRF `comment[ProteomEdge]`),Download qRePS spike-in table and target FASTA from ProteomEdge,"qRePS DataFrame (`qRePS`, `Amount per well [pmol]`, …); FASTA DataFrame (`id`, `sequence`)"
Absolute quant,get_absolute_conc,"qRePS table; batch-corrected Skyline merge (`RatioLightToHeavy`, `Protein Name`, `File Name`)",Match qRePS IDs; multiply ratio × spike amount; pivot to wide concentration matrix,Wide DataFrame indexed by qRePS / peptide / protein; columns = sample files; values = `Protein conc [pmol]`
Downstream,DownStream,"Wide `abs_df`; SDRF table; two group labels (`group_a`, `group_b`)",Melt concentrations; merge SDRF metadata; Welch's t-test per peptide/protein; Benjamini–Hochberg adjustment; volcano plot,"Differential expression results (`log2fc`, `p_value`, `padj`); optional volcano figure"
Downstream,enrichment_analysis,Hit ID list; pathway gene-set dictionary; background ID universe,Hypergeometric (Fisher's exact) enrichment test,"Enrichment table (`pathway`, `overlap`, `p_value`, `padj`)"
Batch correction,permanova_batch_effects / correct_ratio_by_factors / correct_ratio_by_irt,Merged ratio table; batch/plate factor columns; optional iRT offsets,PERMANOVA batch testing; median-based factor correction; iRT retention-time correction,Batch-effect statistics; corrected ratio DataFrame
OpenSWATH,import_openswath_file / get_ratio,OpenSWATH TSV export,Import transition report; filter best peak groups; compute light/heavy ratios,Ratio table compatible with downstream QC modules
Visualization,plot_* / map_peptide_sequence,"QC tables, pool data, or wide `abs_df`; SDRF metadata for grouping",Library dot-product distributions; pool boxplots; CV KDE; peptide concentration by group; protein sequence maps; PCA/UMAP,matplotlib/seaborn figures (displayed or saved as PDF)
